cluster	n_cells	top_core_dataset	top_core_dataset_fraction	n_core_dataset	top_condition	top_condition_fraction	n_condition	top_patient_id	top_patient_id_fraction	n_patient_id	top_sample_id	top_sample_id_fraction	n_sample_id	fraction_total_cells	small_cluster_lt_500	small_cluster_lt_100	dataset_dominant_gt_0_80	condition_dominant_gt_0_80	patient_dominant_gt_0_80	sample_dominant_gt_0_80	flag_small_lt_500	flag_small_lt_100	flag_dataset_dominant_gt_0_80	flag_condition_dominant_gt_0_80	flag_patient_dominant_gt_0_80	flag_sample_dominant_gt_0_80	n_bias_or_size_flags	bias_flag_summary
0	61646	DS3_GSE182109	0.5558998150731597	4	GBM	0.4441001849268403	4	04	0.1855270414949875	49	GSM5518602_ndGBM-01-D	0.0646919508159491	79	0.1754162315359946	False	False	False	False	False	False	False	False	False	False	False	False	0	none
1	59791	DS3_GSE182109	0.6696492783194795	4	ndGBM	0.4265859410279139	4	01	0.1485340603100801	50	GSM5518603_ndGBM-01-F	0.0629526182870331	82	0.1701377526484874	False	False	False	False	False	False	False	False	False	False	False	False	0	none
2	38634	DS3_GSE182109	0.552673810633121	4	GBM	0.4473261893668789	4	04	0.240358233680178	48	GSM5518621_rGBM-04-3	0.0572034995082052	75	0.1099346379191126	False	False	False	False	False	False	False	False	False	False	False	False	0	none
3	35355	DS3_GSE182109	0.7465987837646726	4	rGBM	0.5862254278037052	4	01	0.4701173808513647	49	GSM5518597_rGBM-01-B	0.2172818554659878	79	0.1006041083923546	False	False	False	False	False	False	False	False	False	False	False	False	0	none
4	32896	DS4_GSE278450	0.466652480544747	4	GBM	0.6065479085603113	4	01	0.1517509727626459	48	GSM8546833_BT356	0.149471060311284	75	0.0936069226325808	False	False	False	False	False	False	False	False	False	False	False	False	0	none
5	23977	DS3_GSE182109	0.9670517579346876	4	rGBM	0.6170913792384368	4	02	0.5558243316511657	45	GSM5518615_rGBM-02-5	0.1946031613629728	78	0.0682275408548574	False	False	True	False	False	False	False	False	True	False	False	False	1	flag_dataset_dominant_gt_0_80
6	22943	DS3_GSE182109	0.6334829795580351	4	GBM	0.3665170204419649	4	02	0.1572592947740051	45	GSM5518636_ndGBM-07	0.0891339406354879	77	0.0652852512755138	False	False	False	False	False	False	False	False	False	False	False	False	0	none
7	22525	DS3_GSE182109	0.3858379578246393	4	GBM	0.6141620421753607	4	04	0.1211542730299667	50	GSM8546834_BT363	0.1208435072142064	80	0.0640958150625876	False	False	False	False	False	False	False	False	False	False	False	False	0	none
8	14809	DS4_GSE278450	0.5587142953609292	4	GBM	0.6107772300627996	4	04	0.179485448038355	45	GSM8546845_BT396	0.1134445269768384	72	0.042139619323501	False	False	False	False	False	False	False	False	False	False	False	False	0	none
9	13864	DS3_GSE182109	0.941863819965378	4	ndGBM	0.8066214656664743	4	10	0.6963358338141951	49	GSM5518629_ndGBM-10	0.6963358338141951	78	0.0394505829091105	False	False	True	True	False	False	False	False	True	True	False	False	2	flag_dataset_dominant_gt_0_80;flag_condition_dominant_gt_0_80
10	6340	DS3_GSE182109	0.9766561514195584	4	rGBM	0.8321766561514196	4	02	0.8143533123028391	31	GSM5518615_rGBM-02-5	0.5717665615141956	59	0.0180407310764397	False	False	True	True	True	False	False	False	True	True	True	False	3	flag_dataset_dominant_gt_0_80;flag_condition_dominant_gt_0_80;flag_patient_dominant_gt_0_80
11	6183	DS4_GSE278450	0.3956008410156881	4	GBM	0.715348536309235	4	GSM8546836_BT368	0.1546174995956655	42	GSM8546836_BT368	0.1546174995956655	66	0.0175939811112976	False	False	False	False	False	False	False	False	False	False	False	False	0	none
12	4803	DS3_GSE182109	0.95315427857589	4	ndGBM	0.6366854049552363	4	06	0.3658130335207162	38	GSM5518635_ndGBM-06	0.3658130335207162	68	0.0136671342839337	False	False	True	False	False	False	False	False	True	False	False	False	1	flag_dataset_dominant_gt_0_80
13	3566	DS3_GSE182109	0.8252944475602917	4	ndGBM	0.6859226023555804	4	02	0.6264722378014582	33	GSM5518608_ndGBM-02-1	0.1570386988222097	60	0.0101471998452025	False	False	True	False	False	False	False	False	True	False	False	False	1	flag_dataset_dominant_gt_0_80
14	2640	DS3_GSE182109	0.6113636363636363	4	GBM	0.3886363636363636	4	02	0.2416666666666666	34	GSM5518634_ndGBM-05	0.1333333333333333	62	0.0075122287132178	False	False	False	False	False	False	False	False	False	False	False	False	0	none
15	1167	DS3_GSE182109	0.9897172236503856	3	ndGBM	0.5304198800342759	4	02	0.3796058269065981	16	GSM5518636_ndGBM-07	0.3718937446443873	41	0.0033207465561837	False	False	True	False	False	False	False	False	True	False	False	False	1	flag_dataset_dominant_gt_0_80
16	183	DS3_GSE182109	0.9781420765027322	2	ndGBM	0.6666666666666666	4	07	0.6174863387978142	9	GSM5518636_ndGBM-07	0.6174863387978142	12	0.0005207340358025	True	False	True	False	False	False	True	False	True	False	False	False	2	flag_small_lt_500;flag_dataset_dominant_gt_0_80
17	105	DS3_GSE182109	0.7714285714285715	4	ndGBM	0.3904761904761905	4	02	0.3904761904761905	22	GSM5518630_LGG-04-1	0.1619047619047619	34	0.0002987818238211	True	False	False	False	False	False	True	False	False	False	False	False	1	flag_small_lt_500
