cluster_bias_status	cluster_review_priority	cnv_role_suggestion	n_cells	fraction_total_cells
broadly_represented	medium	CNV_query_putative_tumor_like	123250	0.35071295034246086
broadly_represented	standard	CNV_reference_extended_myeloid_candidate	118089	0.3360271123163559
review_ambiguous	standard	CNV_context_dependent_cycling_review	38634	0.10993463791911265
dataset_dominant	medium	CNV_reference_core_or_extended_normal_candidate	25144	0.07154828741104127
broadly_represented	standard	CNV_reference_core_or_extended_normal_candidate	17449	0.04965184803671886
review_ambiguous	high	exclude_or_review_before_CNV	13864	0.03945058290911057
patient_or_sample_dominant	high	CNV_reference_extended_myeloid_candidate	6340	0.018040731076439772
review_ambiguous	high	CNV_reference_extended_stromal_review	4803	0.01366713428393379
broadly_represented	standard	CNV_reference_extended_stromal_review	3566	0.01014719984520256
review_or_exclude	high	CNV_reference_core_or_extended_normal_candidate	183	0.0005207340358025991
review_or_exclude	high	exclude_or_review_before_CNV	105	0.00029878182382116344
