item	value
analysis	cellrank_malignant_fate_mapping_v2_memory_safe
started_at	2026-09-28T11:17:05
input_h5ad	G:\Repository\glioma-cnv-single-cell-atlas\data\processed\integrated\GBM_core_4datasets_final_annotation_malignant_states.h5ad
historical_reference	G:\Repository\glioma-cnv-single-cell-atlas\metadata\CELLRANK_exploratory_S10_historical_reference.tsv.gz
random_seed	13
use_rep	X_scVI
n_neighbors	30
n_schur_components	12
n_macrostates	6
pseudotime_kernel_weight	0.9
connectivity_kernel_weight	0.1
expression_matrix_loaded	False
lineage_drivers_run	False
gene_expression_required_for_s10	False
recompute_malignant_umap	True
pseudotime_key	cr_dpt_pseudotime
pseudotime_result_source	CELLRANK_exploratory_S10_historical_reference.tsv.gz
current_latent_dpt_diagnostic_max_abs_diff	0.06597750050811768
root_score_key	cr_root_score
kernel_rerun	False
kernel_description	0.9*PseudotimeKernel + 0.1*ConnectivityKernel (historical replay)
schur_method	brandts_historical_replay
gpcca_rerun	False
gpcca_result_source	CELLRANK_exploratory_S10_historical_reference.tsv.gz
finished_at	2026-09-28T11:24:37
final_n_cells	20000
final_expression_genes	0
historical_checkpoints_all_match	True
