gene	present_in_fullgene
ACTA2	True
AIF1	True
ALDH1L1	True
ANXA1	True
APOE	True
AQP4	True
ASCL1	True
BCAN	True
C1QA	True
C1QB	True
C1QC	True
CA9	True
CCL3	True
CCL4	True
CD3D	True
CD3E	True
CD44	True
CD79A	True
CD79B	True
CHI3L1	True
CLDN11	True
CLDN5	True
CLU	True
COL1A1	True
COL1A2	True
COL3A1	True
CSF1R	True
CSPG4	True
CXCL8	True
DCN	True
DDIT4	True
DLL3	True
EMP3	True
ENO1	True
FABP7	True
FAP	True
FLT1	True
GFAP	True
GNLY	True
GZMB	True
HILPDA	True
HMGB2	True
IL1B	True
IL7R	True
JCHAIN	False
KDR	True
LUM	True
LYZ	True
MAG	True
MBP	True
MCAM	True
MKI67	True
MOBP	True
MOG	True
MS4A1	False
MZB1	True
NDRG1	True
NES	True
NFKBIA	True
NKG7	True
OLIG1	True
OLIG2	True
PCNA	True
PDGFRA	True
PDGFRB	True
PECAM1	True
PLP1	True
PTPRC	True
RAMP2	True
RGS5	True
SDC1	True
SERPINE1	True
SLC1A3	True
SOX10	True
SOX2	True
STMN1	True
TAGLN	True
TNC	True
TNF	True
TOP2A	True
TRAC	True
TYROBP	True
UBE2C	True
VEGFA	True
VIM	True
VWF	True
