output_label	path	exists	size_mb
canonical_archive_manifest	G:\Repository\glioma-cnv-single-cell-atlas\metadata\canonical\copykat_canonical_manifest.tsv	True	0.0
canonical_prediction_bundle	G:\Repository\glioma-cnv-single-cell-atlas\metadata\canonical\copykat_microbatch_predictions_bundle_HVG8000_r0_6.tar.gz	True	3.23
canonical_final_calls_gzip	G:\Repository\glioma-cnv-single-cell-atlas\metadata\canonical\copykat_microbatch_final_cell_calls_HVG8000_r0_6.tsv.gz	True	3.372
all_prediction_rows_archive_pointer	G:\Repository\glioma-cnv-single-cell-atlas\metadata\copykat_microbatch_all_prediction_rows_HVG8000_r0_6.tsv	True	0.0
target_only_predictions	G:\Repository\glioma-cnv-single-cell-atlas\metadata\copykat_microbatch_target_only_predictions_HVG8000_r0_6.tsv	True	58.661
final_cell_calls	G:\Repository\glioma-cnv-single-cell-atlas\metadata\copykat_microbatch_final_cell_calls_HVG8000_r0_6.tsv	True	58.662
overall_summary	G:\Repository\glioma-cnv-single-cell-atlas\metadata\copykat_microbatch_overall_summary_HVG8000_r0_6.tsv	True	0.001
batch_qc_summary	G:\Repository\glioma-cnv-single-cell-atlas\metadata\copykat_microbatch_batch_qc_summary_HVG8000_r0_6.tsv	True	0.0
cluster_summary	G:\Repository\glioma-cnv-single-cell-atlas\metadata\copykat_microbatch_cluster_summary_HVG8000_r0_6.tsv	True	0.002
annotation_summary	G:\Repository\glioma-cnv-single-cell-atlas\metadata\copykat_microbatch_annotation_summary_HVG8000_r0_6.tsv	True	0.002
dataset_summary	G:\Repository\glioma-cnv-single-cell-atlas\metadata\copykat_microbatch_dataset_summary_HVG8000_r0_6.tsv	True	0.001
condition_summary	G:\Repository\glioma-cnv-single-cell-atlas\metadata\copykat_microbatch_condition_summary_HVG8000_r0_6.tsv	True	0.001
patient_summary	G:\Repository\glioma-cnv-single-cell-atlas\metadata\copykat_microbatch_patient_summary_HVG8000_r0_6.tsv	True	0.005
cluster_condition_summary	G:\Repository\glioma-cnv-single-cell-atlas\metadata\copykat_microbatch_cluster_condition_summary_HVG8000_r0_6.tsv	True	0.006
cluster_interpretation	G:\Repository\glioma-cnv-single-cell-atlas\metadata\copykat_microbatch_cluster_interpretation_HVG8000_r0_6.tsv	True	0.004
canonical_h5ad	G:\Repository\glioma-cnv-single-cell-atlas\data\processed\integrated\GBM_core_4datasets_fullgene_marker_based_annotation_bias_status_copykat_microbatch.h5ad	True	13059.84
