feature_type	feature	condition	n_units	mean_prop	median_prop	sd_prop	min_prop	max_prop	total_cells_in_units	feature_cells_in_units
final_annotation_refined	cycling_malignant_like_candidate_CNV_supported	GBM	39	0.1274948854798612	0.10775697363393198	0.10595981136979306	0.0006031363088057901	0.3461616778660151	132692	17282
final_annotation_refined	cycling_malignant_like_candidate_CNV_supported	LGG	4	0.021569566241114967	0.019127232649941598	0.006817349758323069	0.01647373107747106	0.03155006858710562	13487	283
final_annotation_refined	cycling_malignant_like_candidate_CNV_supported	ndGBM	16	0.10828666737172385	0.07363692254799595	0.0851221209432431	0.01588037556508636	0.24314493564633463	96171	10730
final_annotation_refined	cycling_malignant_like_candidate_CNV_supported	rGBM	16	0.11674875174897383	0.08367745907106444	0.11293385833630103	0.0018535681186283596	0.3346754710903527	90036	10339
final_annotation_refined	malignant_AC_like_reactive_CNV_supported	GBM	39	0.09321461580092404	0.05998681608437706	0.11711824119690425	0.003155237694572991	0.6198026779422128	132692	13834
final_annotation_refined	malignant_AC_like_reactive_CNV_supported	LGG	4	0.023243907219135378	0.011275036125799623	0.027545189784709656	0.006032171581769437	0.06439338504317284	13487	507
final_annotation_refined	malignant_AC_like_reactive_CNV_supported	ndGBM	20	0.0435105050025797	0.0403650444833127	0.03349679526750881	0.00020637705087194304	0.10906612133605999	111754	4864
final_annotation_refined	malignant_AC_like_reactive_CNV_supported	rGBM	17	0.043152373603599914	0.04624664879356569	0.04208222555694913	0.0005148800329523221	0.1375368731563422	92064	3320
final_annotation_refined	malignant_NPC_neuronal_like_CNV_supported	GBM	34	0.04844687554062514	0.013164532603834031	0.08921781943086811	0.00034311202607651396	0.4071550255536627	123254	4423
final_annotation_refined	malignant_NPC_neuronal_like_CNV_supported	LGG	4	0.022675665553958915	0.020856560008976337	0.01998546932921785	0.0002926972047416947	0.04869684499314129	13487	220
final_annotation_refined	malignant_NPC_neuronal_like_CNV_supported	ndGBM	15	0.013419818788821203	0.005645287752861847	0.027287056436835183	0.0004034427111350188	0.1088495575221239	87544	1241
final_annotation_refined	malignant_NPC_neuronal_like_CNV_supported	rGBM	13	0.0038763399003935344	0.0028457598178713715	0.003652274042449192	0.00010297600659046442	0.01077116993239372	65135	299
final_annotation_refined	malignant_OPC_NPC_like_CNV_supported	GBM	38	0.20738876338960674	0.15849434678522423	0.17388633345504262	0.006936067551266586	0.6950146627565983	129856	27377
final_annotation_refined	malignant_OPC_NPC_like_CNV_supported	LGG	4	0.3440749898597812	0.2740285986047297	0.24500673292556227	0.15415549597855227	0.674087266251113	13487	3975
final_annotation_refined	malignant_OPC_NPC_like_CNV_supported	ndGBM	20	0.14822070271820317	0.1396537492507377	0.13721422505665443	0.00010318852543597152	0.4547320410490308	111754	18830
final_annotation_refined	malignant_OPC_NPC_like_CNV_supported	rGBM	17	0.1303960102938979	0.08628394637332416	0.12341886525708495	0.0008844861135680169	0.35221034383126265	92064	11464
final_annotation_refined	malignant_hypoxia_stress_CNV_supported	GBM	39	0.1317608297618664	0.08709996700758825	0.15723392516374332	0.00042069835927639884	0.6913667041619798	132692	19953
final_annotation_refined	malignant_hypoxia_stress_CNV_supported	LGG	3	0.0025458101875597363	0.00205761316872428	0.0015144147818669127	0.0013357079252003562	0.004244109468754574	11995	38
final_annotation_refined	malignant_hypoxia_stress_CNV_supported	ndGBM	16	0.08942870096891073	0.0438908065263119	0.10072415730610822	0.004207119741100324	0.33093980992608235	96171	9476
final_annotation_refined	malignant_hypoxia_stress_CNV_supported	rGBM	17	0.06299547532128418	0.02552474734387147	0.08895561795140995	0.0009267840593141798	0.3193215339233038	92064	3429
final_annotation_refined	non_malignant_B_plasma_like	GBM	8	0.0004768533903353866	0.00039275249152831524	0.00032647363747783325	0.0001602307322544464	0.0011463507833397019	29215	12
final_annotation_refined	non_malignant_B_plasma_like	LGG	1	0.0006858710562414266	0.0006858710562414266	0.0	0.0006858710562414266	0.0006858710562414266	2916	2
final_annotation_refined	non_malignant_B_plasma_like	ndGBM	15	0.00566598550785737	0.0007560864962951762	0.013561451194880437	0.000136332651670075	0.050307175147791816	86673	619
final_annotation_refined	non_malignant_B_plasma_like	rGBM	17	0.006358678730872871	0.0017336030049118752	0.00855051612436704	0.0002591344908007256	0.026041666666666668	90120	534
final_annotation_refined	non_malignant_endothelial_reference_like	GBM	24	0.011551251867219234	0.0022903453136011278	0.017809823013443877	0.00022331397945511388	0.07644356955380577	79632	1026
final_annotation_refined	non_malignant_endothelial_reference_like	LGG	4	0.009211191811401717	0.008830359999558689	0.0072172004537984	0.0008904719501335708	0.01829357529635592	13487	168
final_annotation_refined	non_malignant_endothelial_reference_like	ndGBM	18	0.01008960194749146	0.0026973789198940063	0.01534732868750153	0.00021119324181626187	0.055198369139093616	95389	1002
final_annotation_refined	non_malignant_endothelial_reference_like	rGBM	16	0.005395410837303221	0.0033746702478505202	0.006621841796649368	0.0002591344908007256	0.023787457522397283	86072	444
final_annotation_refined	non_malignant_mural_pericyte_fibroblast_like	GBM	23	0.007962188949590762	0.0032336297493936943	0.011401167988098164	0.0001602307322544464	0.037399210842340026	84787	623
final_annotation_refined	non_malignant_mural_pericyte_fibroblast_like	LGG	4	0.00232539282369306	0.0025420222551888034	0.0014476321063098818	0.0004452359750667854	0.0037722908093278463	13487	36
final_annotation_refined	non_malignant_mural_pericyte_fibroblast_like	ndGBM	18	0.022135918791114085	0.0036506616955528683	0.029917508300183783	0.0002318303002202388	0.08120368970210191	98152	2446
final_annotation_refined	non_malignant_mural_pericyte_fibroblast_like	rGBM	15	0.01404976877144682	0.001145869141744013	0.04690836881221784	0.00015595757953836556	0.1834319526627219	75661	461
final_annotation_refined	non_malignant_oligodendrocyte_myelinating_reference_like	GBM	35	0.0796437755776274	0.02800179211469534	0.12274101162288645	0.00035236081747709656	0.46966731898238745	118558	9045
final_annotation_refined	non_malignant_oligodendrocyte_myelinating_reference_like	LGG	4	0.06334433536721695	0.048328410696901185	0.04956583314122959	0.024128686327077747	0.13259183374798772	13487	1180
final_annotation_refined	non_malignant_oligodendrocyte_myelinating_reference_like	ndGBM	19	0.013205837422106565	0.007433628318584071	0.018825215609404446	0.0002797985450475658	0.07638049173720274	102063	1241
final_annotation_refined	non_malignant_oligodendrocyte_myelinating_reference_like	rGBM	14	0.03884742743083497	0.026238707388755125	0.04123732820480465	0.0014792899408284023	0.1348385073690812	82986	3343
final_annotation_refined	non_malignant_rare_mast_cell_like_low_count	GBM	2	0.0007446431557302076	0.0007446431557302076	0.0005681003750740676	0.0003429355281207133	0.0011463507833397019	5533	4
final_annotation_refined	non_malignant_rare_mast_cell_like_low_count	LGG	1	0.00043904580711254205	0.00043904580711254205	0.0	0.00043904580711254205	0.00043904580711254205	6833	3
final_annotation_refined	non_malignant_rare_mast_cell_like_low_count	ndGBM	3	0.004913646759827424	0.0013698630136986301	0.0071094125474873175	0.00027266530334015	0.013098411962443492	21072	122
final_annotation_refined	non_malignant_rare_mast_cell_like_low_count	rGBM	6	0.0013111615852996275	0.0010197732300884954	0.001095323953757276	0.0001824817518248175	0.0030892801977139327	34906	54
final_annotation_refined	review_MES_ECM_stromal_like_ambiguous_CNV_high	GBM	28	0.0027515968834678265	0.001543859635185581	0.0033486347019325725	0.0002795638803466592	0.017082785808147174	98034	225
final_annotation_refined	review_MES_ECM_stromal_like_ambiguous_CNV_high	LGG	4	0.005416380556462282	0.002455959835656598	0.007542398940368443	0.0002926972047416947	0.01646090534979424	13487	58
final_annotation_refined	review_MES_ECM_stromal_like_ambiguous_CNV_high	ndGBM	18	0.04442902498137458	0.011058068275208641	0.13263781641559919	0.0032626427406199023	0.5743707093821511	100954	3058
final_annotation_refined	review_MES_ECM_stromal_like_ambiguous_CNV_high	rGBM	18	0.019578837010993704	0.011509782529097668	0.022551980114256943	0.0004930966469428008	0.06791060967671946	92832	1462
final_annotation_refined	review_T_NK_cells_dataset_biased_mixed_CNV	GBM	34	0.007972535180101126	0.0021106012050650866	0.015197963792368442	0.00020362451639177357	0.07166574432761483	112146	790
final_annotation_refined	review_T_NK_cells_dataset_biased_mixed_CNV	LGG	4	0.015580436550021323	0.015853515531956217	0.010157263828451408	0.003805063661642031	0.02680965147453083	13487	151
final_annotation_refined	review_T_NK_cells_dataset_biased_mixed_CNV	ndGBM	22	0.06839415654909602	0.04510270542481759	0.07211126299692294	0.0015478278815395728	0.2637069665005216	112416	8240
final_annotation_refined	review_T_NK_cells_dataset_biased_mixed_CNV	rGBM	18	0.1672389419560301	0.06846443304534632	0.2010729758957499	0.008379081190407396	0.6575520833333334	92832	14796
final_annotation_refined	review_ambiguous_mixed_Hb_T_NK_HLA	GBM	38	0.0069345595759558775	0.006647752300201879	0.005527306261372307	0.0003429355281207133	0.019940915805022157	129661	806
final_annotation_refined	review_ambiguous_mixed_Hb_T_NK_HLA	LGG	4	0.02001445430564233	0.02045078366874704	0.007327140343037542	0.012064343163538873	0.02709190672153635	13487	305
final_annotation_refined	review_ambiguous_mixed_Hb_T_NK_HLA	ndGBM	19	0.0654755710968634	0.013851533082302313	0.22562727974865612	0.0006538084341288003	0.9961820245588691	109302	11183
final_annotation_refined	review_ambiguous_mixed_Hb_T_NK_HLA	rGBM	17	0.013969229778601945	0.011435013689805122	0.013001190542672368	0.0019723865877712033	0.04656208277703605	92064	1570
final_annotation_refined	review_erythroid_Hb_high_or_ambient_RBC	GBM	15	0.0005341546295286827	0.00038211692777990065	0.00032791662158946657	0.00017155601303825698	0.0010570824524312897	60377	24
final_annotation_refined	review_erythroid_Hb_high_or_ambient_RBC	LGG	2	0.003585193275889334	0.003585193275889334	0.003174500318602654	0.0013404825737265416	0.005829903978052126	4408	19
final_annotation_refined	review_erythroid_Hb_high_or_ambient_RBC	ndGBM	11	0.0012909563129175224	0.000858000858000858	0.0010855372386063648	0.00015121729925903524	0.003472222222222222	50323	41
final_annotation_refined	review_erythroid_Hb_high_or_ambient_RBC	rGBM	6	0.0005037685556880193	0.00039101524054739004	0.0003887172162892582	0.0001768972227136034	0.001235712079085573	33501	21
final_annotation_refined	review_myeloid_APC_HLA_CD163_TAM_mixed_CNV	GBM	35	0.07696204293591952	0.032793867120954	0.09940225688904834	0.00035236081747709656	0.4763751763046544	114769	8409
final_annotation_refined	review_myeloid_APC_HLA_CD163_TAM_mixed_CNV	LGG	4	0.014798595581229847	0.016636434755173644	0.007003010606727893	0.0051440329218107	0.020777479892761394	13487	208
final_annotation_refined	review_myeloid_APC_HLA_CD163_TAM_mixed_CNV	ndGBM	20	0.05923847476716948	0.03688345978095197	0.06401482659047561	0.0006191311526158291	0.23704648197519415	108983	7266
final_annotation_refined	review_myeloid_APC_HLA_CD163_TAM_mixed_CNV	rGBM	18	0.07774233741024889	0.056496464642322414	0.0702517892189791	0.0020225368390638545	0.26010244735344334	92832	7060
final_annotation_refined	review_myeloid_C1Q_TREM2_APOE_TAM_mixed_CNV	GBM	39	0.15841045676565152	0.10564304461942257	0.1868081112046467	0.00014060742407199101	0.6560161197466897	132692	19752
final_annotation_refined	review_myeloid_C1Q_TREM2_APOE_TAM_mixed_CNV	LGG	4	0.4511159527701081	0.47123005297658804	0.22527011839905978	0.1669634906500445	0.6950402144772118	13487	6299
final_annotation_refined	review_myeloid_C1Q_TREM2_APOE_TAM_mixed_CNV	ndGBM	22	0.3679281727296655	0.2437292272939296	0.35522899239442574	0.0011350737797956867	0.9765554553651938	112416	25506
final_annotation_refined	review_myeloid_C1Q_TREM2_APOE_TAM_mixed_CNV	rGBM	17	0.09594412915518957	0.09929906542056074	0.10706812331583233	0.0004930966469428008	0.3647086031452359	92064	8234
final_annotation_refined	review_myeloid_FCN1_inflammatory_monocyte_CNV_discordant	GBM	22	0.0020379579538236745	0.0008630337382221848	0.002612774118697505	0.00011200716845878136	0.009945130315500686	83651	148
final_annotation_refined	review_myeloid_FCN1_inflammatory_monocyte_CNV_discordant	LGG	2	0.00039408575159374933	0.00039408575159374933	7.233733975398223e-05	0.0003429355281207133	0.0004452359750667854	5162	2
final_annotation_refined	review_myeloid_FCN1_inflammatory_monocyte_CNV_discordant	ndGBM	17	0.008574423191417008	0.003003003003003003	0.01121538909231219	0.00011402508551881414	0.03874755381604697	98502	914
final_annotation_refined	review_myeloid_FCN1_inflammatory_monocyte_CNV_discordant	rGBM	18	0.055610302673433934	0.010493687272021796	0.10521975505666839	0.0009069707178025395	0.37328802389043353	92832	5276
final_annotation_refined	review_myeloid_inflammatory_MES_associated_mixed_CNV	GBM	38	0.07727217839615315	0.0398788909210097	0.08683946332912058	0.0006598482349059716	0.3718335343787696	129854	8959
final_annotation_refined	review_myeloid_inflammatory_MES_associated_mixed_CNV	LGG	4	0.002448904989984102	0.002444237468574699	0.0001891378531152848	0.002226179875333927	0.002680965147453083	13487	33
final_annotation_refined	review_myeloid_inflammatory_MES_associated_mixed_CNV	ndGBM	19	0.04643931102169115	0.018633540372670808	0.04915592377744536	0.00020637705087194304	0.17455621301775148	110645	5637
final_annotation_refined	review_myeloid_inflammatory_MES_associated_mixed_CNV	rGBM	18	0.19271461630743478	0.09768890398633635	0.22657876741374916	0.01050486045782377	0.7009124087591241	92832	20726
