feature	test	pvalue	status	qvalue_fdr_bh
0	binomial_GLM_condition_LRT		error:ValueError('Pandas data cast to numpy dtype of object. Check input data with np.asarray(data).')	
1	binomial_GLM_condition_LRT		error:ValueError('Pandas data cast to numpy dtype of object. Check input data with np.asarray(data).')	
10	binomial_GLM_condition_LRT		error:ValueError('Pandas data cast to numpy dtype of object. Check input data with np.asarray(data).')	
11	binomial_GLM_condition_LRT		error:ValueError('Pandas data cast to numpy dtype of object. Check input data with np.asarray(data).')	
12	binomial_GLM_condition_LRT		error:ValueError('Pandas data cast to numpy dtype of object. Check input data with np.asarray(data).')	
13	binomial_GLM_condition_LRT		error:ValueError('Pandas data cast to numpy dtype of object. Check input data with np.asarray(data).')	
14	binomial_GLM_condition_LRT		error:ValueError('Pandas data cast to numpy dtype of object. Check input data with np.asarray(data).')	
15	binomial_GLM_condition_LRT		error:ValueError('Pandas data cast to numpy dtype of object. Check input data with np.asarray(data).')	
16	binomial_GLM_condition_LRT		error:ValueError('Pandas data cast to numpy dtype of object. Check input data with np.asarray(data).')	
17	binomial_GLM_condition_LRT		error:ValueError('Pandas data cast to numpy dtype of object. Check input data with np.asarray(data).')	
2	binomial_GLM_condition_LRT		error:ValueError('Pandas data cast to numpy dtype of object. Check input data with np.asarray(data).')	
3	binomial_GLM_condition_LRT		error:ValueError('Pandas data cast to numpy dtype of object. Check input data with np.asarray(data).')	
4	binomial_GLM_condition_LRT		error:ValueError('Pandas data cast to numpy dtype of object. Check input data with np.asarray(data).')	
5	binomial_GLM_condition_LRT		error:ValueError('Pandas data cast to numpy dtype of object. Check input data with np.asarray(data).')	
6	binomial_GLM_condition_LRT		error:ValueError('Pandas data cast to numpy dtype of object. Check input data with np.asarray(data).')	
7	binomial_GLM_condition_LRT		error:ValueError('Pandas data cast to numpy dtype of object. Check input data with np.asarray(data).')	
8	binomial_GLM_condition_LRT		error:ValueError('Pandas data cast to numpy dtype of object. Check input data with np.asarray(data).')	
9	binomial_GLM_condition_LRT		error:ValueError('Pandas data cast to numpy dtype of object. Check input data with np.asarray(data).')	
