unit_id	feature	n_cells_feature	n_cells_total	condition	dataset	patient	proportion	unit_type	feature_type
01	0	9701	54762	ndGBM	DS3_GSE182109	01	0.17714838756802162	patient_id	leiden_scvi_main
01	1	8881	54762	ndGBM	DS3_GSE182109	01	0.16217450056608598	patient_id	leiden_scvi_main
01	10	247	54762	ndGBM	DS3_GSE182109	01	0.004510426938387933	patient_id	leiden_scvi_main
01	11	381	54762	ndGBM	DS3_GSE182109	01	0.006957379204557905	patient_id	leiden_scvi_main
01	12	469	54762	ndGBM	DS3_GSE182109	01	0.008564332931594901	patient_id	leiden_scvi_main
01	13	56	54762	ndGBM	DS3_GSE182109	01	0.0010226069172053615	patient_id	leiden_scvi_main
01	14	32	54762	ndGBM	DS3_GSE182109	01	0.000584346809831635	patient_id	leiden_scvi_main
01	15	89	54762	ndGBM	DS3_GSE182109	01	0.001625214564844235	patient_id	leiden_scvi_main
01	16	2	54762	ndGBM	DS3_GSE182109	01	3.652167561447719e-05	patient_id	leiden_scvi_main
01	17	1	54762	ndGBM	DS3_GSE182109	01	1.8260837807238595e-05	patient_id	leiden_scvi_main
01	2	5195	54762	ndGBM	DS3_GSE182109	01	0.0948650524086045	patient_id	leiden_scvi_main
01	3	16621	54762	ndGBM	DS3_GSE182109	01	0.3035133851941127	patient_id	leiden_scvi_main
01	4	4992	54762	ndGBM	DS3_GSE182109	01	0.09115810233373507	patient_id	leiden_scvi_main
01	5	2604	54762	ndGBM	DS3_GSE182109	01	0.047551221650049304	patient_id	leiden_scvi_main
01	6	2359	54762	ndGBM	DS3_GSE182109	01	0.04307731638727585	patient_id	leiden_scvi_main
01	7	950	54762	ndGBM	DS3_GSE182109	01	0.017347795916876668	patient_id	leiden_scvi_main
01	8	1181	54762	ndGBM	DS3_GSE182109	01	0.021566049450348783	patient_id	leiden_scvi_main
01	9	1001	54762	ndGBM	DS3_GSE182109	01	0.018279098645045833	patient_id	leiden_scvi_main
02	0	4555	46750	ndGBM	DS3_GSE182109	02	0.0974331550802139	patient_id	leiden_scvi_main
02	1	5379	46750	ndGBM	DS3_GSE182109	02	0.11505882352941177	patient_id	leiden_scvi_main
02	10	5163	46750	ndGBM	DS3_GSE182109	02	0.11043850267379679	patient_id	leiden_scvi_main
02	11	270	46750	ndGBM	DS3_GSE182109	02	0.005775401069518717	patient_id	leiden_scvi_main
02	12	546	46750	ndGBM	DS3_GSE182109	02	0.011679144385026739	patient_id	leiden_scvi_main
02	13	2234	46750	ndGBM	DS3_GSE182109	02	0.04778609625668449	patient_id	leiden_scvi_main
02	14	638	46750	ndGBM	DS3_GSE182109	02	0.013647058823529411	patient_id	leiden_scvi_main
02	15	443	46750	ndGBM	DS3_GSE182109	02	0.009475935828877005	patient_id	leiden_scvi_main
02	16	50	46750	ndGBM	DS3_GSE182109	02	0.0010695187165775401	patient_id	leiden_scvi_main
02	17	41	46750	ndGBM	DS3_GSE182109	02	0.0008770053475935829	patient_id	leiden_scvi_main
02	2	1736	46750	ndGBM	DS3_GSE182109	02	0.037133689839572194	patient_id	leiden_scvi_main
02	3	3753	46750	ndGBM	DS3_GSE182109	02	0.08027807486631017	patient_id	leiden_scvi_main
02	4	2736	46750	ndGBM	DS3_GSE182109	02	0.05852406417112299	patient_id	leiden_scvi_main
02	5	13327	46750	ndGBM	DS3_GSE182109	02	0.28506951871657754	patient_id	leiden_scvi_main
02	6	3608	46750	ndGBM	DS3_GSE182109	02	0.07717647058823529	patient_id	leiden_scvi_main
02	7	1349	46750	ndGBM	DS3_GSE182109	02	0.02885561497326203	patient_id	leiden_scvi_main
02	8	173	46750	ndGBM	DS3_GSE182109	02	0.0037005347593582886	patient_id	leiden_scvi_main
02	9	749	46750	ndGBM	DS3_GSE182109	02	0.016021390374331552	patient_id	leiden_scvi_main
03	0	4938	24702	ndGBM	DS3_GSE182109	03	0.1999028418751518	patient_id	leiden_scvi_main
03	1	8795	24702	ndGBM	DS3_GSE182109	03	0.35604404501659787	patient_id	leiden_scvi_main
03	10	99	24702	ndGBM	DS3_GSE182109	03	0.004007772649987855	patient_id	leiden_scvi_main
03	11	34	24702	ndGBM	DS3_GSE182109	03	0.0013764067686826977	patient_id	leiden_scvi_main
03	12	704	24702	ndGBM	DS3_GSE182109	03	0.028499716622135858	patient_id	leiden_scvi_main
03	13	35	24702	ndGBM	DS3_GSE182109	03	0.001416889320702777	patient_id	leiden_scvi_main
03	14	183	24702	ndGBM	DS3_GSE182109	03	0.00740830701967452	patient_id	leiden_scvi_main
03	15	50	24702	ndGBM	DS3_GSE182109	03	0.002024127601003967	patient_id	leiden_scvi_main
03	16	3	24702	ndGBM	DS3_GSE182109	03	0.00012144765606023804	patient_id	leiden_scvi_main
03	17	4	24702	ndGBM	DS3_GSE182109	03	0.00016193020808031737	patient_id	leiden_scvi_main
03	2	2432	24702	ndGBM	DS3_GSE182109	03	0.09845356651283296	patient_id	leiden_scvi_main
03	3	819	24702	ndGBM	DS3_GSE182109	03	0.033155210104444985	patient_id	leiden_scvi_main
03	4	1342	24702	ndGBM	DS3_GSE182109	03	0.05432758481094648	patient_id	leiden_scvi_main
03	5	1254	24702	ndGBM	DS3_GSE182109	03	0.0507651202331795	patient_id	leiden_scvi_main
03	6	848	24702	ndGBM	DS3_GSE182109	03	0.034329204113027284	patient_id	leiden_scvi_main
03	7	1607	24702	ndGBM	DS3_GSE182109	03	0.0650554610962675	patient_id	leiden_scvi_main
03	8	1191	24702	ndGBM	DS3_GSE182109	03	0.048214719455914504	patient_id	leiden_scvi_main
03	9	364	24702	ndGBM	DS3_GSE182109	03	0.014735648935308881	patient_id	leiden_scvi_main
04	0	11437	40706	rGBM	DS3_GSE182109	04	0.2809659509654596	patient_id	leiden_scvi_main
04	1	6106	40706	rGBM	DS3_GSE182109	04	0.15000245664029874	patient_id	leiden_scvi_main
04	10	125	40706	rGBM	DS3_GSE182109	04	0.0030708003734093254	patient_id	leiden_scvi_main
04	11	385	40706	rGBM	DS3_GSE182109	04	0.009458065150100722	patient_id	leiden_scvi_main
04	12	514	40706	rGBM	DS3_GSE182109	04	0.012627131135459145	patient_id	leiden_scvi_main
04	13	29	40706	rGBM	DS3_GSE182109	04	0.0007124256866309635	patient_id	leiden_scvi_main
04	14	95	40706	rGBM	DS3_GSE182109	04	0.002333808283791087	patient_id	leiden_scvi_main
04	15	15	40706	rGBM	DS3_GSE182109	04	0.00036849604480911904	patient_id	leiden_scvi_main
04	16	2	40706	rGBM	DS3_GSE182109	04	4.913280597454921e-05	patient_id	leiden_scvi_main
04	17	24	40706	rGBM	DS3_GSE182109	04	0.0005895936716945905	patient_id	leiden_scvi_main
04	2	9286	40706	rGBM	DS3_GSE182109	04	0.22812361813983198	patient_id	leiden_scvi_main
04	3	1083	40706	rGBM	DS3_GSE182109	04	0.026605414435218397	patient_id	leiden_scvi_main
04	4	1458	40706	rGBM	DS3_GSE182109	04	0.03581781555544637	patient_id	leiden_scvi_main
04	5	1251	40706	rGBM	DS3_GSE182109	04	0.030732570137080528	patient_id	leiden_scvi_main
04	6	2719	40706	rGBM	DS3_GSE182109	04	0.06679604972239965	patient_id	leiden_scvi_main
04	7	2729	40706	rGBM	DS3_GSE182109	04	0.06704171375227239	patient_id	leiden_scvi_main
04	8	2658	40706	rGBM	DS3_GSE182109	04	0.0652974991401759	patient_id	leiden_scvi_main
04	9	790	40706	rGBM	DS3_GSE182109	04	0.019407458359946936	patient_id	leiden_scvi_main
05	0	2560	15455	rGBM	DS3_GSE182109	05	0.16564218699450017	patient_id	leiden_scvi_main
05	1	1640	15455	rGBM	DS3_GSE182109	05	0.10611452604335167	patient_id	leiden_scvi_main
05	10	158	15455	rGBM	DS3_GSE182109	05	0.010223228728566807	patient_id	leiden_scvi_main
05	11	61	15455	rGBM	DS3_GSE182109	05	0.003946942736978324	patient_id	leiden_scvi_main
05	12	441	15455	rGBM	DS3_GSE182109	05	0.028534454868974442	patient_id	leiden_scvi_main
05	13	316	15455	rGBM	DS3_GSE182109	05	0.020446457457133613	patient_id	leiden_scvi_main
05	14	424	15455	rGBM	DS3_GSE182109	05	0.027434487220964088	patient_id	leiden_scvi_main
05	15	7	15455	rGBM	DS3_GSE182109	05	0.00045292785506308636	patient_id	leiden_scvi_main
05	16	2	15455	rGBM	DS3_GSE182109	05	0.00012940795858945326	patient_id	leiden_scvi_main
05	17	3	15455	rGBM	DS3_GSE182109	05	0.00019411193788417986	patient_id	leiden_scvi_main
05	2	2117	15455	rGBM	DS3_GSE182109	05	0.13697832416693626	patient_id	leiden_scvi_main
05	3	1958	15455	rGBM	DS3_GSE182109	05	0.12669039145907474	patient_id	leiden_scvi_main
05	4	1370	15455	rGBM	DS3_GSE182109	05	0.08864445163377548	patient_id	leiden_scvi_main
05	5	1115	15455	rGBM	DS3_GSE182109	05	0.07214493691362019	patient_id	leiden_scvi_main
05	6	1846	15455	rGBM	DS3_GSE182109	05	0.11944354577806535	patient_id	leiden_scvi_main
05	7	1099	15455	rGBM	DS3_GSE182109	05	0.07110967324490457	patient_id	leiden_scvi_main
05	8	105	15455	rGBM	DS3_GSE182109	05	0.006793917825946296	patient_id	leiden_scvi_main
05	9	233	15455	rGBM	DS3_GSE182109	05	0.015076027175671304	patient_id	leiden_scvi_main
06	0	404	3059	ndGBM	DS3_GSE182109	06	0.13206930369401765	patient_id	leiden_scvi_main
06	1	16	3059	ndGBM	DS3_GSE182109	06	0.005230467473030402	patient_id	leiden_scvi_main
06	10	3	3059	ndGBM	DS3_GSE182109	06	0.0009807126511932004	patient_id	leiden_scvi_main
06	11	9	3059	ndGBM	DS3_GSE182109	06	0.002942137953579601	patient_id	leiden_scvi_main
06	12	1757	3059	ndGBM	DS3_GSE182109	06	0.5743707093821511	patient_id	leiden_scvi_main
06	13	41	3059	ndGBM	DS3_GSE182109	06	0.013403072899640406	patient_id	leiden_scvi_main
06	14	8	3059	ndGBM	DS3_GSE182109	06	0.002615233736515201	patient_id	leiden_scvi_main
06	2	82	3059	ndGBM	DS3_GSE182109	06	0.02680614579928081	patient_id	leiden_scvi_main
06	3	57	3059	ndGBM	DS3_GSE182109	06	0.018633540372670808	patient_id	leiden_scvi_main
06	4	514	3059	ndGBM	DS3_GSE182109	06	0.16802876757110166	patient_id	leiden_scvi_main
06	5	6	3059	ndGBM	DS3_GSE182109	06	0.001961425302386401	patient_id	leiden_scvi_main
06	7	31	3059	ndGBM	DS3_GSE182109	06	0.010134030728996404	patient_id	leiden_scvi_main
06	8	129	3059	ndGBM	DS3_GSE182109	06	0.042170644001307614	patient_id	leiden_scvi_main
06	9	2	3059	ndGBM	DS3_GSE182109	06	0.0006538084341288003	patient_id	leiden_scvi_main
07	0	28	8627	ndGBM	DS3_GSE182109	07	0.003245624203083343	patient_id	leiden_scvi_main
07	1	1536	8627	ndGBM	DS3_GSE182109	07	0.1780456705691434	patient_id	leiden_scvi_main
07	10	163	8627	ndGBM	DS3_GSE182109	07	0.01889416946794946	patient_id	leiden_scvi_main
07	12	92	8627	ndGBM	DS3_GSE182109	07	0.010664193810130984	patient_id	leiden_scvi_main
07	13	2	8627	ndGBM	DS3_GSE182109	07	0.0002318303002202388	patient_id	leiden_scvi_main
07	14	6	8627	ndGBM	DS3_GSE182109	07	0.0006954909006607164	patient_id	leiden_scvi_main
07	15	434	8627	ndGBM	DS3_GSE182109	07	0.050307175147791816	patient_id	leiden_scvi_main
07	16	113	8627	ndGBM	DS3_GSE182109	07	0.013098411962443492	patient_id	leiden_scvi_main
07	2	137	8627	ndGBM	DS3_GSE182109	07	0.01588037556508636	patient_id	leiden_scvi_main
07	3	1070	8627	ndGBM	DS3_GSE182109	07	0.12402921061782775	patient_id	leiden_scvi_main
07	4	182	8627	ndGBM	DS3_GSE182109	07	0.02109655732004173	patient_id	leiden_scvi_main
07	5	2275	8627	ndGBM	DS3_GSE182109	07	0.2637069665005216	patient_id	leiden_scvi_main
07	6	2045	8627	ndGBM	DS3_GSE182109	07	0.23704648197519415	patient_id	leiden_scvi_main
07	7	259	8627	ndGBM	DS3_GSE182109	07	0.03002202387852092	patient_id	leiden_scvi_main
07	8	229	8627	ndGBM	DS3_GSE182109	07	0.02654456937521734	patient_id	leiden_scvi_main
07	9	56	8627	ndGBM	DS3_GSE182109	07	0.006491248406166686	patient_id	leiden_scvi_main
08	0	271	5650	ndGBM	DS3_GSE182109	08	0.047964601769911505	patient_id	leiden_scvi_main
08	1	2134	5650	ndGBM	DS3_GSE182109	08	0.3776991150442478	patient_id	leiden_scvi_main
08	10	36	5650	ndGBM	DS3_GSE182109	08	0.006371681415929204	patient_id	leiden_scvi_main
08	11	615	5650	ndGBM	DS3_GSE182109	08	0.1088495575221239	patient_id	leiden_scvi_main
08	12	30	5650	ndGBM	DS3_GSE182109	08	0.005309734513274336	patient_id	leiden_scvi_main
08	13	167	5650	ndGBM	DS3_GSE182109	08	0.029557522123893804	patient_id	leiden_scvi_main
08	14	202	5650	ndGBM	DS3_GSE182109	08	0.03575221238938053	patient_id	leiden_scvi_main
08	15	2	5650	ndGBM	DS3_GSE182109	08	0.00035398230088495576	patient_id	leiden_scvi_main
08	17	1	5650	ndGBM	DS3_GSE182109	08	0.00017699115044247788	patient_id	leiden_scvi_main
08	2	279	5650	ndGBM	DS3_GSE182109	08	0.049380530973451325	patient_id	leiden_scvi_main
08	3	604	5650	ndGBM	DS3_GSE182109	08	0.10690265486725664	patient_id	leiden_scvi_main
08	4	236	5650	ndGBM	DS3_GSE182109	08	0.04176991150442478	patient_id	leiden_scvi_main
08	5	149	5650	ndGBM	DS3_GSE182109	08	0.026371681415929205	patient_id	leiden_scvi_main
08	6	672	5650	ndGBM	DS3_GSE182109	08	0.11893805309734513	patient_id	leiden_scvi_main
08	7	143	5650	ndGBM	DS3_GSE182109	08	0.025309734513274337	patient_id	leiden_scvi_main
08	8	42	5650	ndGBM	DS3_GSE182109	08	0.007433628318584071	patient_id	leiden_scvi_main
08	9	67	5650	ndGBM	DS3_GSE182109	08	0.011858407079646017	patient_id	leiden_scvi_main
09	0	358	5110	ndGBM	DS3_GSE182109	09	0.0700587084148728	patient_id	leiden_scvi_main
09	1	1517	5110	ndGBM	DS3_GSE182109	09	0.2968688845401174	patient_id	leiden_scvi_main
09	10	198	5110	ndGBM	DS3_GSE182109	09	0.03874755381604697	patient_id	leiden_scvi_main
09	11	5	5110	ndGBM	DS3_GSE182109	09	0.0009784735812133072	patient_id	leiden_scvi_main
09	12	17	5110	ndGBM	DS3_GSE182109	09	0.0033268101761252445	patient_id	leiden_scvi_main
09	13	60	5110	ndGBM	DS3_GSE182109	09	0.011741682974559686	patient_id	leiden_scvi_main
09	14	18	5110	ndGBM	DS3_GSE182109	09	0.0035225048923679062	patient_id	leiden_scvi_main
09	15	115	5110	ndGBM	DS3_GSE182109	09	0.022504892367906065	patient_id	leiden_scvi_main
09	16	7	5110	ndGBM	DS3_GSE182109	09	0.0013698630136986301	patient_id	leiden_scvi_main
09	2	88	5110	ndGBM	DS3_GSE182109	09	0.01722113502935421	patient_id	leiden_scvi_main
09	3	428	5110	ndGBM	DS3_GSE182109	09	0.0837573385518591	patient_id	leiden_scvi_main
09	4	113	5110	ndGBM	DS3_GSE182109	09	0.022113502935420744	patient_id	leiden_scvi_main
09	5	1112	5110	ndGBM	DS3_GSE182109	09	0.21761252446183954	patient_id	leiden_scvi_main
09	6	426	5110	ndGBM	DS3_GSE182109	09	0.08336594911937378	patient_id	leiden_scvi_main
09	7	505	5110	ndGBM	DS3_GSE182109	09	0.09882583170254403	patient_id	leiden_scvi_main
09	8	2	5110	ndGBM	DS3_GSE182109	09	0.0003913894324853229	patient_id	leiden_scvi_main
09	9	141	5110	ndGBM	DS3_GSE182109	09	0.027592954990215263	patient_id	leiden_scvi_main
10	0	1	9691	ndGBM	DS3_GSE182109	10	0.00010318852543597152	patient_id	leiden_scvi_main
10	1	11	9691	ndGBM	DS3_GSE182109	10	0.0011350737797956867	patient_id	leiden_scvi_main
10	3	2	9691	ndGBM	DS3_GSE182109	10	0.00020637705087194304	patient_id	leiden_scvi_main
10	5	15	9691	ndGBM	DS3_GSE182109	10	0.0015478278815395728	patient_id	leiden_scvi_main
10	6	6	9691	ndGBM	DS3_GSE182109	10	0.0006191311526158291	patient_id	leiden_scvi_main
10	7	2	9691	ndGBM	DS3_GSE182109	10	0.00020637705087194304	patient_id	leiden_scvi_main
10	9	9654	9691	ndGBM	DS3_GSE182109	10	0.9961820245588691	patient_id	leiden_scvi_main
11	0	16	4223	ndGBM	DS3_GSE182109	11	0.003788775751835188	patient_id	leiden_scvi_main
11	1	4024	4223	ndGBM	DS3_GSE182109	11	0.9528771015865498	patient_id	leiden_scvi_main
11	12	8	4223	ndGBM	DS3_GSE182109	11	0.001894387875917594	patient_id	leiden_scvi_main
11	13	3	4223	ndGBM	DS3_GSE182109	11	0.0007103954534690978	patient_id	leiden_scvi_main
11	14	8	4223	ndGBM	DS3_GSE182109	11	0.001894387875917594	patient_id	leiden_scvi_main
11	17	7	4223	ndGBM	DS3_GSE182109	11	0.0016575893914278948	patient_id	leiden_scvi_main
11	3	1	4223	ndGBM	DS3_GSE182109	11	0.00023679848448969926	patient_id	leiden_scvi_main
11	5	79	4223	ndGBM	DS3_GSE182109	11	0.018707080274686243	patient_id	leiden_scvi_main
11	6	5	4223	ndGBM	DS3_GSE182109	11	0.0011839924224484964	patient_id	leiden_scvi_main
11	7	17	4223	ndGBM	DS3_GSE182109	11	0.004025574236324887	patient_id	leiden_scvi_main
11	8	54	4223	ndGBM	DS3_GSE182109	11	0.01278711816244376	patient_id	leiden_scvi_main
11	9	1	4223	ndGBM	DS3_GSE182109	11	0.00023679848448969926	patient_id	leiden_scvi_main
GSM8546833_BT356	0	403	7112	GBM	DS4_GSE278450	GSM8546833_BT356	0.056664791901012375	patient_id	leiden_scvi_main
GSM8546833_BT356	1	1	7112	GBM	DS4_GSE278450	GSM8546833_BT356	0.00014060742407199101	patient_id	leiden_scvi_main
GSM8546833_BT356	10	1	7112	GBM	DS4_GSE278450	GSM8546833_BT356	0.00014060742407199101	patient_id	leiden_scvi_main
GSM8546833_BT356	11	16	7112	GBM	DS4_GSE278450	GSM8546833_BT356	0.0022497187851518562	patient_id	leiden_scvi_main
GSM8546833_BT356	12	10	7112	GBM	DS4_GSE278450	GSM8546833_BT356	0.00140607424071991	patient_id	leiden_scvi_main
GSM8546833_BT356	13	34	7112	GBM	DS4_GSE278450	GSM8546833_BT356	0.004780652418447694	patient_id	leiden_scvi_main
GSM8546833_BT356	14	5	7112	GBM	DS4_GSE278450	GSM8546833_BT356	0.000703037120359955	patient_id	leiden_scvi_main
GSM8546833_BT356	17	2	7112	GBM	DS4_GSE278450	GSM8546833_BT356	0.00028121484814398203	patient_id	leiden_scvi_main
GSM8546833_BT356	2	677	7112	GBM	DS4_GSE278450	GSM8546833_BT356	0.09519122609673791	patient_id	leiden_scvi_main
GSM8546833_BT356	3	18	7112	GBM	DS4_GSE278450	GSM8546833_BT356	0.002530933633295838	patient_id	leiden_scvi_main
GSM8546833_BT356	4	4917	7112	GBM	DS4_GSE278450	GSM8546833_BT356	0.6913667041619798	patient_id	leiden_scvi_main
GSM8546833_BT356	5	2	7112	GBM	DS4_GSE278450	GSM8546833_BT356	0.00028121484814398203	patient_id	leiden_scvi_main
GSM8546833_BT356	7	928	7112	GBM	DS4_GSE278450	GSM8546833_BT356	0.13048368953880765	patient_id	leiden_scvi_main
GSM8546833_BT356	8	95	7112	GBM	DS4_GSE278450	GSM8546833_BT356	0.013357705286839145	patient_id	leiden_scvi_main
GSM8546833_BT356	9	3	7112	GBM	DS4_GSE278450	GSM8546833_BT356	0.000421822272215973	patient_id	leiden_scvi_main
GSM8546834_BT363	0	2635	8928	GBM	DS4_GSE278450	GSM8546834_BT363	0.2951388888888889	patient_id	leiden_scvi_main
GSM8546834_BT363	1	62	8928	GBM	DS4_GSE278450	GSM8546834_BT363	0.006944444444444444	patient_id	leiden_scvi_main
GSM8546834_BT363	10	1	8928	GBM	DS4_GSE278450	GSM8546834_BT363	0.00011200716845878136	patient_id	leiden_scvi_main
GSM8546834_BT363	11	41	8928	GBM	DS4_GSE278450	GSM8546834_BT363	0.004592293906810036	patient_id	leiden_scvi_main
GSM8546834_BT363	12	8	8928	GBM	DS4_GSE278450	GSM8546834_BT363	0.0008960573476702509	patient_id	leiden_scvi_main
GSM8546834_BT363	13	5	8928	GBM	DS4_GSE278450	GSM8546834_BT363	0.0005600358422939068	patient_id	leiden_scvi_main
GSM8546834_BT363	14	10	8928	GBM	DS4_GSE278450	GSM8546834_BT363	0.0011200716845878136	patient_id	leiden_scvi_main
GSM8546834_BT363	17	2	8928	GBM	DS4_GSE278450	GSM8546834_BT363	0.00022401433691756272	patient_id	leiden_scvi_main
GSM8546834_BT363	2	547	8928	GBM	DS4_GSE278450	GSM8546834_BT363	0.061267921146953404	patient_id	leiden_scvi_main
GSM8546834_BT363	3	115	8928	GBM	DS4_GSE278450	GSM8546834_BT363	0.012880824372759857	patient_id	leiden_scvi_main
GSM8546834_BT363	4	2483	8928	GBM	DS4_GSE278450	GSM8546834_BT363	0.2781137992831541	patient_id	leiden_scvi_main
GSM8546834_BT363	6	17	8928	GBM	DS4_GSE278450	GSM8546834_BT363	0.0019041218637992831	patient_id	leiden_scvi_main
GSM8546834_BT363	7	2722	8928	GBM	DS4_GSE278450	GSM8546834_BT363	0.3048835125448029	patient_id	leiden_scvi_main
GSM8546834_BT363	8	250	8928	GBM	DS4_GSE278450	GSM8546834_BT363	0.02800179211469534	patient_id	leiden_scvi_main
GSM8546834_BT363	9	30	8928	GBM	DS4_GSE278450	GSM8546834_BT363	0.003360215053763441	patient_id	leiden_scvi_main
GSM8546835_BT364	0	1860	5719	GBM	DS4_GSE278450	GSM8546835_BT364	0.3252316838608148	patient_id	leiden_scvi_main
GSM8546835_BT364	1	212	5719	GBM	DS4_GSE278450	GSM8546835_BT364	0.03706941773037244	patient_id	leiden_scvi_main
GSM8546835_BT364	10	5	5719	GBM	DS4_GSE278450	GSM8546835_BT364	0.0008742787200559538	patient_id	leiden_scvi_main
GSM8546835_BT364	11	26	5719	GBM	DS4_GSE278450	GSM8546835_BT364	0.00454624934429096	patient_id	leiden_scvi_main
GSM8546835_BT364	12	33	5719	GBM	DS4_GSE278450	GSM8546835_BT364	0.005770239552369295	patient_id	leiden_scvi_main
GSM8546835_BT364	17	2	5719	GBM	DS4_GSE278450	GSM8546835_BT364	0.0003497114880223815	patient_id	leiden_scvi_main
GSM8546835_BT364	2	765	5719	GBM	DS4_GSE278450	GSM8546835_BT364	0.13376464416856093	patient_id	leiden_scvi_main
GSM8546835_BT364	3	164	5719	GBM	DS4_GSE278450	GSM8546835_BT364	0.028676342017835286	patient_id	leiden_scvi_main
GSM8546835_BT364	4	1803	5719	GBM	DS4_GSE278450	GSM8546835_BT364	0.315264906452177	patient_id	leiden_scvi_main
GSM8546835_BT364	5	3	5719	GBM	DS4_GSE278450	GSM8546835_BT364	0.0005245672320335723	patient_id	leiden_scvi_main
GSM8546835_BT364	6	87	5719	GBM	DS4_GSE278450	GSM8546835_BT364	0.015212449728973596	patient_id	leiden_scvi_main
GSM8546835_BT364	7	526	5719	GBM	DS4_GSE278450	GSM8546835_BT364	0.09197412134988635	patient_id	leiden_scvi_main
GSM8546835_BT364	8	221	5719	GBM	DS4_GSE278450	GSM8546835_BT364	0.03864311942647316	patient_id	leiden_scvi_main
GSM8546835_BT364	9	12	5719	GBM	DS4_GSE278450	GSM8546835_BT364	0.0020982689281342894	patient_id	leiden_scvi_main
GSM8546836_BT368	0	426	2348	GBM	DS4_GSE278450	GSM8546836_BT368	0.18143100511073254	patient_id	leiden_scvi_main
GSM8546836_BT368	1	41	2348	GBM	DS4_GSE278450	GSM8546836_BT368	0.01746166950596252	patient_id	leiden_scvi_main
GSM8546836_BT368	10	2	2348	GBM	DS4_GSE278450	GSM8546836_BT368	0.0008517887563884157	patient_id	leiden_scvi_main
GSM8546836_BT368	11	956	2348	GBM	DS4_GSE278450	GSM8546836_BT368	0.4071550255536627	patient_id	leiden_scvi_main
GSM8546836_BT368	13	3	2348	GBM	DS4_GSE278450	GSM8546836_BT368	0.0012776831345826234	patient_id	leiden_scvi_main
GSM8546836_BT368	2	439	2348	GBM	DS4_GSE278450	GSM8546836_BT368	0.18696763202725725	patient_id	leiden_scvi_main
GSM8546836_BT368	3	49	2348	GBM	DS4_GSE278450	GSM8546836_BT368	0.020868824531516183	patient_id	leiden_scvi_main
GSM8546836_BT368	4	152	2348	GBM	DS4_GSE278450	GSM8546836_BT368	0.06473594548551959	patient_id	leiden_scvi_main
GSM8546836_BT368	5	2	2348	GBM	DS4_GSE278450	GSM8546836_BT368	0.0008517887563884157	patient_id	leiden_scvi_main
GSM8546836_BT368	6	77	2348	GBM	DS4_GSE278450	GSM8546836_BT368	0.032793867120954	patient_id	leiden_scvi_main
GSM8546836_BT368	7	172	2348	GBM	DS4_GSE278450	GSM8546836_BT368	0.07325383304940375	patient_id	leiden_scvi_main
GSM8546836_BT368	8	20	2348	GBM	DS4_GSE278450	GSM8546836_BT368	0.008517887563884156	patient_id	leiden_scvi_main
GSM8546836_BT368	9	9	2348	GBM	DS4_GSE278450	GSM8546836_BT368	0.0038330494037478705	patient_id	leiden_scvi_main
GSM8546837_BT369	0	901	2617	GBM	DS4_GSE278450	GSM8546837_BT369	0.3442873519296905	patient_id	leiden_scvi_main
GSM8546837_BT369	1	342	2617	GBM	DS4_GSE278450	GSM8546837_BT369	0.13068398930072603	patient_id	leiden_scvi_main
GSM8546837_BT369	10	9	2617	GBM	DS4_GSE278450	GSM8546837_BT369	0.003439052350019106	patient_id	leiden_scvi_main
GSM8546837_BT369	11	7	2617	GBM	DS4_GSE278450	GSM8546837_BT369	0.0026748184944593045	patient_id	leiden_scvi_main
GSM8546837_BT369	12	4	2617	GBM	DS4_GSE278450	GSM8546837_BT369	0.0015284677111196026	patient_id	leiden_scvi_main
GSM8546837_BT369	14	3	2617	GBM	DS4_GSE278450	GSM8546837_BT369	0.0011463507833397019	patient_id	leiden_scvi_main
GSM8546837_BT369	15	3	2617	GBM	DS4_GSE278450	GSM8546837_BT369	0.0011463507833397019	patient_id	leiden_scvi_main
GSM8546837_BT369	16	3	2617	GBM	DS4_GSE278450	GSM8546837_BT369	0.0011463507833397019	patient_id	leiden_scvi_main
GSM8546837_BT369	17	1	2617	GBM	DS4_GSE278450	GSM8546837_BT369	0.00038211692777990065	patient_id	leiden_scvi_main
GSM8546837_BT369	2	282	2617	GBM	DS4_GSE278450	GSM8546837_BT369	0.10775697363393198	patient_id	leiden_scvi_main
GSM8546837_BT369	3	152	2617	GBM	DS4_GSE278450	GSM8546837_BT369	0.0580817730225449	patient_id	leiden_scvi_main
GSM8546837_BT369	4	126	2617	GBM	DS4_GSE278450	GSM8546837_BT369	0.04814673290026748	patient_id	leiden_scvi_main
GSM8546837_BT369	5	18	2617	GBM	DS4_GSE278450	GSM8546837_BT369	0.006878104700038212	patient_id	leiden_scvi_main
GSM8546837_BT369	6	536	2617	GBM	DS4_GSE278450	GSM8546837_BT369	0.20481467329002676	patient_id	leiden_scvi_main
GSM8546837_BT369	7	70	2617	GBM	DS4_GSE278450	GSM8546837_BT369	0.026748184944593044	patient_id	leiden_scvi_main
GSM8546837_BT369	8	123	2617	GBM	DS4_GSE278450	GSM8546837_BT369	0.04700038211692778	patient_id	leiden_scvi_main
GSM8546837_BT369	9	37	2617	GBM	DS4_GSE278450	GSM8546837_BT369	0.014138326327856323	patient_id	leiden_scvi_main
GSM8546838_BT373	0	798	6241	GBM	DS4_GSE278450	GSM8546838_BT373	0.12786412433904823	patient_id	leiden_scvi_main
GSM8546838_BT373	1	213	6241	GBM	DS4_GSE278450	GSM8546838_BT373	0.03412914597019708	patient_id	leiden_scvi_main
GSM8546838_BT373	10	4	6241	GBM	DS4_GSE278450	GSM8546838_BT373	0.0006409229290177856	patient_id	leiden_scvi_main
GSM8546838_BT373	11	123	6241	GBM	DS4_GSE278450	GSM8546838_BT373	0.01970838006729691	patient_id	leiden_scvi_main
GSM8546838_BT373	12	11	6241	GBM	DS4_GSE278450	GSM8546838_BT373	0.0017625380547989103	patient_id	leiden_scvi_main
GSM8546838_BT373	13	1	6241	GBM	DS4_GSE278450	GSM8546838_BT373	0.0001602307322544464	patient_id	leiden_scvi_main
GSM8546838_BT373	15	1	6241	GBM	DS4_GSE278450	GSM8546838_BT373	0.0001602307322544464	patient_id	leiden_scvi_main
GSM8546838_BT373	17	2	6241	GBM	DS4_GSE278450	GSM8546838_BT373	0.0003204614645088928	patient_id	leiden_scvi_main
GSM8546838_BT373	2	796	6241	GBM	DS4_GSE278450	GSM8546838_BT373	0.12754366287453933	patient_id	leiden_scvi_main
GSM8546838_BT373	3	642	6241	GBM	DS4_GSE278450	GSM8546838_BT373	0.10286813010735459	patient_id	leiden_scvi_main
GSM8546838_BT373	4	2763	6241	GBM	DS4_GSE278450	GSM8546838_BT373	0.4427175132190354	patient_id	leiden_scvi_main
GSM8546838_BT373	6	249	6241	GBM	DS4_GSE278450	GSM8546838_BT373	0.03989745233135716	patient_id	leiden_scvi_main
GSM8546838_BT373	7	413	6241	GBM	DS4_GSE278450	GSM8546838_BT373	0.06617529242108637	patient_id	leiden_scvi_main
GSM8546838_BT373	8	178	6241	GBM	DS4_GSE278450	GSM8546838_BT373	0.02852107034129146	patient_id	leiden_scvi_main
GSM8546838_BT373	9	47	6241	GBM	DS4_GSE278450	GSM8546838_BT373	0.007530844415958981	patient_id	leiden_scvi_main
GSM8546839_BT374	0	757	2283	GBM	DS4_GSE278450	GSM8546839_BT374	0.33158125273762595	patient_id	leiden_scvi_main
GSM8546839_BT374	1	71	2283	GBM	DS4_GSE278450	GSM8546839_BT374	0.031099430573806396	patient_id	leiden_scvi_main
GSM8546839_BT374	11	1	2283	GBM	DS4_GSE278450	GSM8546839_BT374	0.0004380201489268506	patient_id	leiden_scvi_main
GSM8546839_BT374	12	39	2283	GBM	DS4_GSE278450	GSM8546839_BT374	0.017082785808147174	patient_id	leiden_scvi_main
GSM8546839_BT374	2	154	2283	GBM	DS4_GSE278450	GSM8546839_BT374	0.067455102934735	patient_id	leiden_scvi_main
GSM8546839_BT374	3	102	2283	GBM	DS4_GSE278450	GSM8546839_BT374	0.04467805519053877	patient_id	leiden_scvi_main
GSM8546839_BT374	4	650	2283	GBM	DS4_GSE278450	GSM8546839_BT374	0.28471309680245294	patient_id	leiden_scvi_main
GSM8546839_BT374	5	3	2283	GBM	DS4_GSE278450	GSM8546839_BT374	0.001314060446780552	patient_id	leiden_scvi_main
GSM8546839_BT374	6	253	2283	GBM	DS4_GSE278450	GSM8546839_BT374	0.11081909767849321	patient_id	leiden_scvi_main
GSM8546839_BT374	7	146	2283	GBM	DS4_GSE278450	GSM8546839_BT374	0.0639509417433202	patient_id	leiden_scvi_main
GSM8546839_BT374	8	105	2283	GBM	DS4_GSE278450	GSM8546839_BT374	0.045992115637319315	patient_id	leiden_scvi_main
GSM8546839_BT374	9	2	2283	GBM	DS4_GSE278450	GSM8546839_BT374	0.0008760402978537013	patient_id	leiden_scvi_main
GSM8546840_BT377	0	353	3487	GBM	DS4_GSE278450	GSM8546840_BT377	0.10123315170633783	patient_id	leiden_scvi_main
GSM8546840_BT377	1	2003	3487	GBM	DS4_GSE278450	GSM8546840_BT377	0.5744192715801548	patient_id	leiden_scvi_main
GSM8546840_BT377	10	1	3487	GBM	DS4_GSE278450	GSM8546840_BT377	0.00028677946659019213	patient_id	leiden_scvi_main
GSM8546840_BT377	11	131	3487	GBM	DS4_GSE278450	GSM8546840_BT377	0.03756811012331517	patient_id	leiden_scvi_main
GSM8546840_BT377	14	1	3487	GBM	DS4_GSE278450	GSM8546840_BT377	0.00028677946659019213	patient_id	leiden_scvi_main
GSM8546840_BT377	2	181	3487	GBM	DS4_GSE278450	GSM8546840_BT377	0.05190708345282478	patient_id	leiden_scvi_main
GSM8546840_BT377	3	472	3487	GBM	DS4_GSE278450	GSM8546840_BT377	0.1353599082305707	patient_id	leiden_scvi_main
GSM8546840_BT377	4	28	3487	GBM	DS4_GSE278450	GSM8546840_BT377	0.00802982506452538	patient_id	leiden_scvi_main
GSM8546840_BT377	5	21	3487	GBM	DS4_GSE278450	GSM8546840_BT377	0.006022368798394035	patient_id	leiden_scvi_main
GSM8546840_BT377	6	200	3487	GBM	DS4_GSE278450	GSM8546840_BT377	0.05735589331803843	patient_id	leiden_scvi_main
GSM8546840_BT377	7	15	3487	GBM	DS4_GSE278450	GSM8546840_BT377	0.004301691998852882	patient_id	leiden_scvi_main
GSM8546840_BT377	8	58	3487	GBM	DS4_GSE278450	GSM8546840_BT377	0.016633209062231143	patient_id	leiden_scvi_main
GSM8546840_BT377	9	23	3487	GBM	DS4_GSE278450	GSM8546840_BT377	0.00659592773157442	patient_id	leiden_scvi_main
GSM8546841_BT380	0	270	3848	GBM	DS4_GSE278450	GSM8546841_BT380	0.07016632016632017	patient_id	leiden_scvi_main
GSM8546841_BT380	1	1233	3848	GBM	DS4_GSE278450	GSM8546841_BT380	0.32042619542619544	patient_id	leiden_scvi_main
GSM8546841_BT380	10	2	3848	GBM	DS4_GSE278450	GSM8546841_BT380	0.0005197505197505198	patient_id	leiden_scvi_main
GSM8546841_BT380	11	9	3848	GBM	DS4_GSE278450	GSM8546841_BT380	0.002338877338877339	patient_id	leiden_scvi_main
GSM8546841_BT380	12	6	3848	GBM	DS4_GSE278450	GSM8546841_BT380	0.0015592515592515593	patient_id	leiden_scvi_main
GSM8546841_BT380	2	167	3848	GBM	DS4_GSE278450	GSM8546841_BT380	0.0433991683991684	patient_id	leiden_scvi_main
GSM8546841_BT380	3	1121	3848	GBM	DS4_GSE278450	GSM8546841_BT380	0.29132016632016633	patient_id	leiden_scvi_main
GSM8546841_BT380	4	483	3848	GBM	DS4_GSE278450	GSM8546841_BT380	0.1255197505197505	patient_id	leiden_scvi_main
GSM8546841_BT380	5	6	3848	GBM	DS4_GSE278450	GSM8546841_BT380	0.0015592515592515593	patient_id	leiden_scvi_main
GSM8546841_BT380	6	368	3848	GBM	DS4_GSE278450	GSM8546841_BT380	0.09563409563409564	patient_id	leiden_scvi_main
GSM8546841_BT380	7	78	3848	GBM	DS4_GSE278450	GSM8546841_BT380	0.02027027027027027	patient_id	leiden_scvi_main
GSM8546841_BT380	8	75	3848	GBM	DS4_GSE278450	GSM8546841_BT380	0.01949064449064449	patient_id	leiden_scvi_main
GSM8546841_BT380	9	30	3848	GBM	DS4_GSE278450	GSM8546841_BT380	0.007796257796257797	patient_id	leiden_scvi_main
GSM8546842_BT389A	0	128	4478	GBM	DS4_GSE278450	GSM8546842_BT389A	0.028584189370254576	patient_id	leiden_scvi_main
GSM8546842_BT389A	1	531	4478	GBM	DS4_GSE278450	GSM8546842_BT389A	0.11857972309066547	patient_id	leiden_scvi_main
GSM8546842_BT389A	10	3	4478	GBM	DS4_GSE278450	GSM8546842_BT389A	0.0006699419383653417	patient_id	leiden_scvi_main
GSM8546842_BT389A	11	3	4478	GBM	DS4_GSE278450	GSM8546842_BT389A	0.0006699419383653417	patient_id	leiden_scvi_main
GSM8546842_BT389A	12	2	4478	GBM	DS4_GSE278450	GSM8546842_BT389A	0.00044662795891022776	patient_id	leiden_scvi_main
GSM8546842_BT389A	13	12	4478	GBM	DS4_GSE278450	GSM8546842_BT389A	0.0026797677534613666	patient_id	leiden_scvi_main
GSM8546842_BT389A	14	1	4478	GBM	DS4_GSE278450	GSM8546842_BT389A	0.00022331397945511388	patient_id	leiden_scvi_main
GSM8546842_BT389A	17	4	4478	GBM	DS4_GSE278450	GSM8546842_BT389A	0.0008932559178204555	patient_id	leiden_scvi_main
GSM8546842_BT389A	2	102	4478	GBM	DS4_GSE278450	GSM8546842_BT389A	0.022778025904421618	patient_id	leiden_scvi_main
GSM8546842_BT389A	3	846	4478	GBM	DS4_GSE278450	GSM8546842_BT389A	0.18892362661902634	patient_id	leiden_scvi_main
GSM8546842_BT389A	4	107	4478	GBM	DS4_GSE278450	GSM8546842_BT389A	0.023894595801697185	patient_id	leiden_scvi_main
GSM8546842_BT389A	5	25	4478	GBM	DS4_GSE278450	GSM8546842_BT389A	0.005582849486377847	patient_id	leiden_scvi_main
GSM8546842_BT389A	6	1038	4478	GBM	DS4_GSE278450	GSM8546842_BT389A	0.23179991067440822	patient_id	leiden_scvi_main
GSM8546842_BT389A	7	162	4478	GBM	DS4_GSE278450	GSM8546842_BT389A	0.036176864671728454	patient_id	leiden_scvi_main
GSM8546842_BT389A	8	1464	4478	GBM	DS4_GSE278450	GSM8546842_BT389A	0.32693166592228673	patient_id	leiden_scvi_main
GSM8546842_BT389A	9	50	4478	GBM	DS4_GSE278450	GSM8546842_BT389A	0.011165698972755694	patient_id	leiden_scvi_main
GSM8546843_BT389	0	219	3987	GBM	DS4_GSE278450	GSM8546843_BT389	0.05492851768246802	patient_id	leiden_scvi_main
GSM8546843_BT389	1	1586	3987	GBM	DS4_GSE278450	GSM8546843_BT389	0.3977928266867319	patient_id	leiden_scvi_main
GSM8546843_BT389	10	7	3987	GBM	DS4_GSE278450	GSM8546843_BT389	0.0017557060446450965	patient_id	leiden_scvi_main
GSM8546843_BT389	11	314	3987	GBM	DS4_GSE278450	GSM8546843_BT389	0.07875595685979433	patient_id	leiden_scvi_main
GSM8546843_BT389	15	1	3987	GBM	DS4_GSE278450	GSM8546843_BT389	0.00025081514923501377	patient_id	leiden_scvi_main
GSM8546843_BT389	2	347	3987	GBM	DS4_GSE278450	GSM8546843_BT389	0.08703285678454979	patient_id	leiden_scvi_main
GSM8546843_BT389	3	488	3987	GBM	DS4_GSE278450	GSM8546843_BT389	0.12239779282668674	patient_id	leiden_scvi_main
GSM8546843_BT389	4	125	3987	GBM	DS4_GSE278450	GSM8546843_BT389	0.031351893654376725	patient_id	leiden_scvi_main
GSM8546843_BT389	5	23	3987	GBM	DS4_GSE278450	GSM8546843_BT389	0.005768748432405317	patient_id	leiden_scvi_main
GSM8546843_BT389	6	667	3987	GBM	DS4_GSE278450	GSM8546843_BT389	0.1672937045397542	patient_id	leiden_scvi_main
GSM8546843_BT389	7	31	3987	GBM	DS4_GSE278450	GSM8546843_BT389	0.007775269626285428	patient_id	leiden_scvi_main
GSM8546843_BT389	8	104	3987	GBM	DS4_GSE278450	GSM8546843_BT389	0.026084775520441434	patient_id	leiden_scvi_main
GSM8546843_BT389	9	75	3987	GBM	DS4_GSE278450	GSM8546843_BT389	0.018811136192626036	patient_id	leiden_scvi_main
GSM8546844_BT390	0	319	3336	GBM	DS4_GSE278450	GSM8546844_BT390	0.09562350119904077	patient_id	leiden_scvi_main
GSM8546844_BT390	1	835	3336	GBM	DS4_GSE278450	GSM8546844_BT390	0.2502997601918465	patient_id	leiden_scvi_main
GSM8546844_BT390	10	3	3336	GBM	DS4_GSE278450	GSM8546844_BT390	0.0008992805755395684	patient_id	leiden_scvi_main
GSM8546844_BT390	11	13	3336	GBM	DS4_GSE278450	GSM8546844_BT390	0.0038968824940047962	patient_id	leiden_scvi_main
GSM8546844_BT390	12	4	3336	GBM	DS4_GSE278450	GSM8546844_BT390	0.001199040767386091	patient_id	leiden_scvi_main
GSM8546844_BT390	2	175	3336	GBM	DS4_GSE278450	GSM8546844_BT390	0.05245803357314149	patient_id	leiden_scvi_main
GSM8546844_BT390	3	626	3336	GBM	DS4_GSE278450	GSM8546844_BT390	0.18764988009592326	patient_id	leiden_scvi_main
GSM8546844_BT390	4	434	3336	GBM	DS4_GSE278450	GSM8546844_BT390	0.13009592326139088	patient_id	leiden_scvi_main
GSM8546844_BT390	5	4	3336	GBM	DS4_GSE278450	GSM8546844_BT390	0.001199040767386091	patient_id	leiden_scvi_main
GSM8546844_BT390	6	69	3336	GBM	DS4_GSE278450	GSM8546844_BT390	0.02068345323741007	patient_id	leiden_scvi_main
GSM8546844_BT390	7	123	3336	GBM	DS4_GSE278450	GSM8546844_BT390	0.0368705035971223	patient_id	leiden_scvi_main
GSM8546844_BT390	8	702	3336	GBM	DS4_GSE278450	GSM8546844_BT390	0.210431654676259	patient_id	leiden_scvi_main
GSM8546844_BT390	9	29	3336	GBM	DS4_GSE278450	GSM8546844_BT390	0.00869304556354916	patient_id	leiden_scvi_main
GSM8546845_BT396	0	332	3577	GBM	DS4_GSE278450	GSM8546845_BT396	0.09281520827509086	patient_id	leiden_scvi_main
GSM8546845_BT396	1	1053	3577	GBM	DS4_GSE278450	GSM8546845_BT396	0.29438076600503216	patient_id	leiden_scvi_main
GSM8546845_BT396	10	1	3577	GBM	DS4_GSE278450	GSM8546845_BT396	0.0002795638803466592	patient_id	leiden_scvi_main
GSM8546845_BT396	11	64	3577	GBM	DS4_GSE278450	GSM8546845_BT396	0.01789208834218619	patient_id	leiden_scvi_main
GSM8546845_BT396	12	1	3577	GBM	DS4_GSE278450	GSM8546845_BT396	0.0002795638803466592	patient_id	leiden_scvi_main
GSM8546845_BT396	2	113	3577	GBM	DS4_GSE278450	GSM8546845_BT396	0.03159071847917249	patient_id	leiden_scvi_main
GSM8546845_BT396	3	99	3577	GBM	DS4_GSE278450	GSM8546845_BT396	0.02767682415431926	patient_id	leiden_scvi_main
GSM8546845_BT396	4	52	3577	GBM	DS4_GSE278450	GSM8546845_BT396	0.01453732177802628	patient_id	leiden_scvi_main
GSM8546845_BT396	5	23	3577	GBM	DS4_GSE278450	GSM8546845_BT396	0.006429969247973162	patient_id	leiden_scvi_main
GSM8546845_BT396	6	104	3577	GBM	DS4_GSE278450	GSM8546845_BT396	0.02907464355605256	patient_id	leiden_scvi_main
GSM8546845_BT396	7	53	3577	GBM	DS4_GSE278450	GSM8546845_BT396	0.014816885658372938	patient_id	leiden_scvi_main
GSM8546845_BT396	8	1680	3577	GBM	DS4_GSE278450	GSM8546845_BT396	0.46966731898238745	patient_id	leiden_scvi_main
GSM8546845_BT396	9	2	3577	GBM	DS4_GSE278450	GSM8546845_BT396	0.0005591277606933184	patient_id	leiden_scvi_main
GSM8546846_BT397	0	189	2916	GBM	DS4_GSE278450	GSM8546846_BT397	0.06481481481481481	patient_id	leiden_scvi_main
GSM8546846_BT397	1	1447	2916	GBM	DS4_GSE278450	GSM8546846_BT397	0.49622770919067216	patient_id	leiden_scvi_main
GSM8546846_BT397	10	29	2916	GBM	DS4_GSE278450	GSM8546846_BT397	0.009945130315500686	patient_id	leiden_scvi_main
GSM8546846_BT397	11	92	2916	GBM	DS4_GSE278450	GSM8546846_BT397	0.03155006858710562	patient_id	leiden_scvi_main
GSM8546846_BT397	15	2	2916	GBM	DS4_GSE278450	GSM8546846_BT397	0.0006858710562414266	patient_id	leiden_scvi_main
GSM8546846_BT397	16	1	2916	GBM	DS4_GSE278450	GSM8546846_BT397	0.0003429355281207133	patient_id	leiden_scvi_main
GSM8546846_BT397	2	214	2916	GBM	DS4_GSE278450	GSM8546846_BT397	0.07338820301783265	patient_id	leiden_scvi_main
GSM8546846_BT397	3	304	2916	GBM	DS4_GSE278450	GSM8546846_BT397	0.10425240054869685	patient_id	leiden_scvi_main
GSM8546846_BT397	4	19	2916	GBM	DS4_GSE278450	GSM8546846_BT397	0.006515775034293553	patient_id	leiden_scvi_main
GSM8546846_BT397	5	56	2916	GBM	DS4_GSE278450	GSM8546846_BT397	0.019204389574759947	patient_id	leiden_scvi_main
GSM8546846_BT397	6	504	2916	GBM	DS4_GSE278450	GSM8546846_BT397	0.1728395061728395	patient_id	leiden_scvi_main
GSM8546846_BT397	7	25	2916	GBM	DS4_GSE278450	GSM8546846_BT397	0.008573388203017833	patient_id	leiden_scvi_main
GSM8546846_BT397	8	33	2916	GBM	DS4_GSE278450	GSM8546846_BT397	0.01131687242798354	patient_id	leiden_scvi_main
GSM8546846_BT397	9	1	2916	GBM	DS4_GSE278450	GSM8546846_BT397	0.0003429355281207133	patient_id	leiden_scvi_main
GSM8546847_BT400	0	2281	4911	GBM	DS4_GSE278450	GSM8546847_BT400	0.4644675218896355	patient_id	leiden_scvi_main
GSM8546847_BT400	1	348	4911	GBM	DS4_GSE278450	GSM8546847_BT400	0.0708613317043372	patient_id	leiden_scvi_main
GSM8546847_BT400	11	148	4911	GBM	DS4_GSE278450	GSM8546847_BT400	0.03013642842598249	patient_id	leiden_scvi_main
GSM8546847_BT400	12	22	4911	GBM	DS4_GSE278450	GSM8546847_BT400	0.004479739360619018	patient_id	leiden_scvi_main
GSM8546847_BT400	13	8	4911	GBM	DS4_GSE278450	GSM8546847_BT400	0.0016289961311341885	patient_id	leiden_scvi_main
GSM8546847_BT400	14	2	4911	GBM	DS4_GSE278450	GSM8546847_BT400	0.00040724903278354713	patient_id	leiden_scvi_main
GSM8546847_BT400	2	1700	4911	GBM	DS4_GSE278450	GSM8546847_BT400	0.3461616778660151	patient_id	leiden_scvi_main
GSM8546847_BT400	3	27	4911	GBM	DS4_GSE278450	GSM8546847_BT400	0.005497861942577886	patient_id	leiden_scvi_main
GSM8546847_BT400	4	172	4911	GBM	DS4_GSE278450	GSM8546847_BT400	0.035023416819385055	patient_id	leiden_scvi_main
GSM8546847_BT400	5	1	4911	GBM	DS4_GSE278450	GSM8546847_BT400	0.00020362451639177357	patient_id	leiden_scvi_main
GSM8546847_BT400	6	50	4911	GBM	DS4_GSE278450	GSM8546847_BT400	0.010181225819588679	patient_id	leiden_scvi_main
GSM8546847_BT400	7	109	4911	GBM	DS4_GSE278450	GSM8546847_BT400	0.02219507228670332	patient_id	leiden_scvi_main
GSM8546847_BT400	8	6	4911	GBM	DS4_GSE278450	GSM8546847_BT400	0.0012217470983506415	patient_id	leiden_scvi_main
GSM8546847_BT400	9	37	4911	GBM	DS4_GSE278450	GSM8546847_BT400	0.007534107106495622	patient_id	leiden_scvi_main
GSM8546848_BT402	0	764	4754	GBM	DS4_GSE278450	GSM8546848_BT402	0.16070677324358434	patient_id	leiden_scvi_main
GSM8546848_BT402	1	2861	4754	GBM	DS4_GSE278450	GSM8546848_BT402	0.6018090029448885	patient_id	leiden_scvi_main
GSM8546848_BT402	10	10	4754	GBM	DS4_GSE278450	GSM8546848_BT402	0.002103491796381994	patient_id	leiden_scvi_main
GSM8546848_BT402	11	15	4754	GBM	DS4_GSE278450	GSM8546848_BT402	0.003155237694572991	patient_id	leiden_scvi_main
GSM8546848_BT402	13	1	4754	GBM	DS4_GSE278450	GSM8546848_BT402	0.00021034917963819942	patient_id	leiden_scvi_main
GSM8546848_BT402	15	1	4754	GBM	DS4_GSE278450	GSM8546848_BT402	0.00021034917963819942	patient_id	leiden_scvi_main
GSM8546848_BT402	17	1	4754	GBM	DS4_GSE278450	GSM8546848_BT402	0.00021034917963819942	patient_id	leiden_scvi_main
GSM8546848_BT402	2	248	4754	GBM	DS4_GSE278450	GSM8546848_BT402	0.052166596550273454	patient_id	leiden_scvi_main
GSM8546848_BT402	3	84	4754	GBM	DS4_GSE278450	GSM8546848_BT402	0.01766933108960875	patient_id	leiden_scvi_main
GSM8546848_BT402	4	2	4754	GBM	DS4_GSE278450	GSM8546848_BT402	0.00042069835927639884	patient_id	leiden_scvi_main
GSM8546848_BT402	5	75	4754	GBM	DS4_GSE278450	GSM8546848_BT402	0.015776188472864956	patient_id	leiden_scvi_main
GSM8546848_BT402	6	586	4754	GBM	DS4_GSE278450	GSM8546848_BT402	0.12326461926798485	patient_id	leiden_scvi_main
GSM8546848_BT402	7	15	4754	GBM	DS4_GSE278450	GSM8546848_BT402	0.003155237694572991	patient_id	leiden_scvi_main
GSM8546848_BT402	8	45	4754	GBM	DS4_GSE278450	GSM8546848_BT402	0.009465713083718973	patient_id	leiden_scvi_main
GSM8546848_BT402	9	46	4754	GBM	DS4_GSE278450	GSM8546848_BT402	0.009676062263357174	patient_id	leiden_scvi_main
GSM8546849_BT407	0	34	3474	GBM	DS4_GSE278450	GSM8546849_BT407	0.00978698906160046	patient_id	leiden_scvi_main
GSM8546849_BT407	1	2279	3474	GBM	DS4_GSE278450	GSM8546849_BT407	0.6560161197466897	patient_id	leiden_scvi_main
GSM8546849_BT407	10	27	3474	GBM	DS4_GSE278450	GSM8546849_BT407	0.007772020725388601	patient_id	leiden_scvi_main
GSM8546849_BT407	11	5	3474	GBM	DS4_GSE278450	GSM8546849_BT407	0.0014392630972941854	patient_id	leiden_scvi_main
GSM8546849_BT407	12	1	3474	GBM	DS4_GSE278450	GSM8546849_BT407	0.0002878526194588371	patient_id	leiden_scvi_main
GSM8546849_BT407	15	2	3474	GBM	DS4_GSE278450	GSM8546849_BT407	0.0005757052389176742	patient_id	leiden_scvi_main
GSM8546849_BT407	17	1	3474	GBM	DS4_GSE278450	GSM8546849_BT407	0.0002878526194588371	patient_id	leiden_scvi_main
GSM8546849_BT407	2	18	3474	GBM	DS4_GSE278450	GSM8546849_BT407	0.0051813471502590676	patient_id	leiden_scvi_main
GSM8546849_BT407	3	305	3474	GBM	DS4_GSE278450	GSM8546849_BT407	0.0877950489349453	patient_id	leiden_scvi_main
GSM8546849_BT407	4	11	3474	GBM	DS4_GSE278450	GSM8546849_BT407	0.0031663788140472078	patient_id	leiden_scvi_main
GSM8546849_BT407	5	25	3474	GBM	DS4_GSE278450	GSM8546849_BT407	0.007196315486470927	patient_id	leiden_scvi_main
GSM8546849_BT407	6	588	3474	GBM	DS4_GSE278450	GSM8546849_BT407	0.1692573402417962	patient_id	leiden_scvi_main
GSM8546849_BT407	7	43	3474	GBM	DS4_GSE278450	GSM8546849_BT407	0.012377662636729994	patient_id	leiden_scvi_main
GSM8546849_BT407	8	127	3474	GBM	DS4_GSE278450	GSM8546849_BT407	0.03655728267127231	patient_id	leiden_scvi_main
GSM8546849_BT407	9	8	3474	GBM	DS4_GSE278450	GSM8546849_BT407	0.002302820955670697	patient_id	leiden_scvi_main
GSM8546850_BT408	1	546	2836	GBM	DS4_GSE278450	GSM8546850_BT408	0.192524682651622	patient_id	leiden_scvi_main
GSM8546850_BT408	10	13	2836	GBM	DS4_GSE278450	GSM8546850_BT408	0.004583921015514809	patient_id	leiden_scvi_main
GSM8546850_BT408	14	4	2836	GBM	DS4_GSE278450	GSM8546850_BT408	0.0014104372355430183	patient_id	leiden_scvi_main
GSM8546850_BT408	17	2	2836	GBM	DS4_GSE278450	GSM8546850_BT408	0.0007052186177715092	patient_id	leiden_scvi_main
GSM8546850_BT408	2	3	2836	GBM	DS4_GSE278450	GSM8546850_BT408	0.0010578279266572638	patient_id	leiden_scvi_main
GSM8546850_BT408	3	51	2836	GBM	DS4_GSE278450	GSM8546850_BT408	0.017983074753173484	patient_id	leiden_scvi_main
GSM8546850_BT408	4	2	2836	GBM	DS4_GSE278450	GSM8546850_BT408	0.0007052186177715092	patient_id	leiden_scvi_main
GSM8546850_BT408	5	38	2836	GBM	DS4_GSE278450	GSM8546850_BT408	0.013399153737658674	patient_id	leiden_scvi_main
GSM8546850_BT408	6	1351	2836	GBM	DS4_GSE278450	GSM8546850_BT408	0.4763751763046544	patient_id	leiden_scvi_main
GSM8546850_BT408	7	39	2836	GBM	DS4_GSE278450	GSM8546850_BT408	0.013751763046544428	patient_id	leiden_scvi_main
GSM8546850_BT408	8	768	2836	GBM	DS4_GSE278450	GSM8546850_BT408	0.27080394922425954	patient_id	leiden_scvi_main
GSM8546850_BT408	9	19	2836	GBM	DS4_GSE278450	GSM8546850_BT408	0.006699576868829337	patient_id	leiden_scvi_main
GSM8546851_BT409	0	309	2117	GBM	DS4_GSE278450	GSM8546851_BT409	0.14596126594237127	patient_id	leiden_scvi_main
GSM8546851_BT409	1	771	2117	GBM	DS4_GSE278450	GSM8546851_BT409	0.3641946150212565	patient_id	leiden_scvi_main
GSM8546851_BT409	10	2	2117	GBM	DS4_GSE278450	GSM8546851_BT409	0.000944733112895607	patient_id	leiden_scvi_main
GSM8546851_BT409	11	44	2117	GBM	DS4_GSE278450	GSM8546851_BT409	0.020784128483703354	patient_id	leiden_scvi_main
GSM8546851_BT409	2	355	2117	GBM	DS4_GSE278450	GSM8546851_BT409	0.16769012753897025	patient_id	leiden_scvi_main
GSM8546851_BT409	3	188	2117	GBM	DS4_GSE278450	GSM8546851_BT409	0.08880491261218705	patient_id	leiden_scvi_main
GSM8546851_BT409	4	193	2117	GBM	DS4_GSE278450	GSM8546851_BT409	0.09116674539442607	patient_id	leiden_scvi_main
GSM8546851_BT409	5	10	2117	GBM	DS4_GSE278450	GSM8546851_BT409	0.004723665564478035	patient_id	leiden_scvi_main
GSM8546851_BT409	6	66	2117	GBM	DS4_GSE278450	GSM8546851_BT409	0.03117619272555503	patient_id	leiden_scvi_main
GSM8546851_BT409	7	33	2117	GBM	DS4_GSE278450	GSM8546851_BT409	0.015588096362777516	patient_id	leiden_scvi_main
GSM8546851_BT409	8	116	2117	GBM	DS4_GSE278450	GSM8546851_BT409	0.0547945205479452	patient_id	leiden_scvi_main
GSM8546851_BT409	9	30	2117	GBM	DS4_GSE278450	GSM8546851_BT409	0.014170996693434105	patient_id	leiden_scvi_main
GSM8546852_BT419	0	34	3614	GBM	DS4_GSE278450	GSM8546852_BT419	0.009407858328721638	patient_id	leiden_scvi_main
GSM8546852_BT419	1	521	3614	GBM	DS4_GSE278450	GSM8546852_BT419	0.14416159380188157	patient_id	leiden_scvi_main
GSM8546852_BT419	10	18	3614	GBM	DS4_GSE278450	GSM8546852_BT419	0.004980630879911455	patient_id	leiden_scvi_main
GSM8546852_BT419	11	2	3614	GBM	DS4_GSE278450	GSM8546852_BT419	0.0005534034311012728	patient_id	leiden_scvi_main
GSM8546852_BT419	12	4	3614	GBM	DS4_GSE278450	GSM8546852_BT419	0.0011068068622025456	patient_id	leiden_scvi_main
GSM8546852_BT419	2	22	3614	GBM	DS4_GSE278450	GSM8546852_BT419	0.006087437742114001	patient_id	leiden_scvi_main
GSM8546852_BT419	3	707	3614	GBM	DS4_GSE278450	GSM8546852_BT419	0.19562811289429993	patient_id	leiden_scvi_main
GSM8546852_BT419	4	71	3614	GBM	DS4_GSE278450	GSM8546852_BT419	0.019645821804095187	patient_id	leiden_scvi_main
GSM8546852_BT419	5	259	3614	GBM	DS4_GSE278450	GSM8546852_BT419	0.07166574432761483	patient_id	leiden_scvi_main
GSM8546852_BT419	6	518	3614	GBM	DS4_GSE278450	GSM8546852_BT419	0.14333148865522966	patient_id	leiden_scvi_main
GSM8546852_BT419	7	59	3614	GBM	DS4_GSE278450	GSM8546852_BT419	0.01632540121748755	patient_id	leiden_scvi_main
GSM8546852_BT419	8	1389	3614	GBM	DS4_GSE278450	GSM8546852_BT419	0.38433868289983397	patient_id	leiden_scvi_main
GSM8546852_BT419	9	10	3614	GBM	DS4_GSE278450	GSM8546852_BT419	0.002767017155506364	patient_id	leiden_scvi_main
GSM8546853_BT420	0	533	2195	GBM	DS4_GSE278450	GSM8546853_BT420	0.2428246013667426	patient_id	leiden_scvi_main
GSM8546853_BT420	1	46	2195	GBM	DS4_GSE278450	GSM8546853_BT420	0.020956719817767654	patient_id	leiden_scvi_main
GSM8546853_BT420	10	1	2195	GBM	DS4_GSE278450	GSM8546853_BT420	0.00045558086560364467	patient_id	leiden_scvi_main
GSM8546853_BT420	11	436	2195	GBM	DS4_GSE278450	GSM8546853_BT420	0.19863325740318907	patient_id	leiden_scvi_main
GSM8546853_BT420	14	1	2195	GBM	DS4_GSE278450	GSM8546853_BT420	0.00045558086560364467	patient_id	leiden_scvi_main
GSM8546853_BT420	15	1	2195	GBM	DS4_GSE278450	GSM8546853_BT420	0.00045558086560364467	patient_id	leiden_scvi_main
GSM8546853_BT420	17	1	2195	GBM	DS4_GSE278450	GSM8546853_BT420	0.00045558086560364467	patient_id	leiden_scvi_main
GSM8546853_BT420	2	449	2195	GBM	DS4_GSE278450	GSM8546853_BT420	0.20455580865603645	patient_id	leiden_scvi_main
GSM8546853_BT420	3	77	2195	GBM	DS4_GSE278450	GSM8546853_BT420	0.03507972665148064	patient_id	leiden_scvi_main
GSM8546853_BT420	4	289	2195	GBM	DS4_GSE278450	GSM8546853_BT420	0.1316628701594533	patient_id	leiden_scvi_main
GSM8546853_BT420	5	2	2195	GBM	DS4_GSE278450	GSM8546853_BT420	0.0009111617312072893	patient_id	leiden_scvi_main
GSM8546853_BT420	6	120	2195	GBM	DS4_GSE278450	GSM8546853_BT420	0.05466970387243736	patient_id	leiden_scvi_main
GSM8546853_BT420	7	236	2195	GBM	DS4_GSE278450	GSM8546853_BT420	0.10751708428246014	patient_id	leiden_scvi_main
GSM8546853_BT420	9	3	2195	GBM	DS4_GSE278450	GSM8546853_BT420	0.001366742596810934	patient_id	leiden_scvi_main
GSM8546854_BT426	0	23	3316	GBM	DS4_GSE278450	GSM8546854_BT426	0.006936067551266586	patient_id	leiden_scvi_main
GSM8546854_BT426	1	404	3316	GBM	DS4_GSE278450	GSM8546854_BT426	0.1218335343787696	patient_id	leiden_scvi_main
GSM8546854_BT426	10	7	3316	GBM	DS4_GSE278450	GSM8546854_BT426	0.0021109770808202654	patient_id	leiden_scvi_main
GSM8546854_BT426	12	10	3316	GBM	DS4_GSE278450	GSM8546854_BT426	0.0030156815440289505	patient_id	leiden_scvi_main
GSM8546854_BT426	13	8	3316	GBM	DS4_GSE278450	GSM8546854_BT426	0.0024125452352231603	patient_id	leiden_scvi_main
GSM8546854_BT426	17	2	3316	GBM	DS4_GSE278450	GSM8546854_BT426	0.0006031363088057901	patient_id	leiden_scvi_main
GSM8546854_BT426	2	2	3316	GBM	DS4_GSE278450	GSM8546854_BT426	0.0006031363088057901	patient_id	leiden_scvi_main
GSM8546854_BT426	3	1233	3316	GBM	DS4_GSE278450	GSM8546854_BT426	0.3718335343787696	patient_id	leiden_scvi_main
GSM8546854_BT426	4	469	3316	GBM	DS4_GSE278450	GSM8546854_BT426	0.14143546441495777	patient_id	leiden_scvi_main
GSM8546854_BT426	5	65	3316	GBM	DS4_GSE278450	GSM8546854_BT426	0.019601930036188178	patient_id	leiden_scvi_main
GSM8546854_BT426	6	335	3316	GBM	DS4_GSE278450	GSM8546854_BT426	0.10102533172496984	patient_id	leiden_scvi_main
GSM8546854_BT426	7	22	3316	GBM	DS4_GSE278450	GSM8546854_BT426	0.0066344993968636915	patient_id	leiden_scvi_main
GSM8546854_BT426	8	715	3316	GBM	DS4_GSE278450	GSM8546854_BT426	0.21562123039806996	patient_id	leiden_scvi_main
GSM8546854_BT426	9	21	3316	GBM	DS4_GSE278450	GSM8546854_BT426	0.006332931242460796	patient_id	leiden_scvi_main
PDC001	0	1985	6325	GBM	DS2_GSE141383	PDC001	0.3138339920948617	patient_id	leiden_scvi_main
PDC001	1	152	6325	GBM	DS2_GSE141383	PDC001	0.024031620553359685	patient_id	leiden_scvi_main
PDC001	11	3	6325	GBM	DS2_GSE141383	PDC001	0.0004743083003952569	patient_id	leiden_scvi_main
PDC001	13	23	6325	GBM	DS2_GSE141383	PDC001	0.0036363636363636364	patient_id	leiden_scvi_main
PDC001	14	223	6325	GBM	DS2_GSE141383	PDC001	0.03525691699604743	patient_id	leiden_scvi_main
PDC001	2	1976	6325	GBM	DS2_GSE141383	PDC001	0.3124110671936759	patient_id	leiden_scvi_main
PDC001	3	22	6325	GBM	DS2_GSE141383	PDC001	0.0034782608695652175	patient_id	leiden_scvi_main
PDC001	4	94	6325	GBM	DS2_GSE141383	PDC001	0.014861660079051384	patient_id	leiden_scvi_main
PDC001	5	2	6325	GBM	DS2_GSE141383	PDC001	0.00031620553359683795	patient_id	leiden_scvi_main
PDC001	6	115	6325	GBM	DS2_GSE141383	PDC001	0.01818181818181818	patient_id	leiden_scvi_main
PDC001	7	1663	6325	GBM	DS2_GSE141383	PDC001	0.2629249011857708	patient_id	leiden_scvi_main
PDC001	8	4	6325	GBM	DS2_GSE141383	PDC001	0.0006324110671936759	patient_id	leiden_scvi_main
PDC001	9	63	6325	GBM	DS2_GSE141383	PDC001	0.009960474308300396	patient_id	leiden_scvi_main
PJ016	0	263	2838	GBM	DS1_GSE103224	PJ016	0.09267089499647639	patient_id	leiden_scvi_main
PJ016	1	1	2838	GBM	DS1_GSE103224	PJ016	0.00035236081747709656	patient_id	leiden_scvi_main
PJ016	11	105	2838	GBM	DS1_GSE103224	PJ016	0.03699788583509514	patient_id	leiden_scvi_main
PJ016	12	17	2838	GBM	DS1_GSE103224	PJ016	0.005990133897110641	patient_id	leiden_scvi_main
PJ016	13	1	2838	GBM	DS1_GSE103224	PJ016	0.00035236081747709656	patient_id	leiden_scvi_main
PJ016	14	7	2838	GBM	DS1_GSE103224	PJ016	0.0024665257223396757	patient_id	leiden_scvi_main
PJ016	2	602	2838	GBM	DS1_GSE103224	PJ016	0.21212121212121213	patient_id	leiden_scvi_main
PJ016	4	75	2838	GBM	DS1_GSE103224	PJ016	0.026427061310782242	patient_id	leiden_scvi_main
PJ016	5	4	2838	GBM	DS1_GSE103224	PJ016	0.0014094432699083862	patient_id	leiden_scvi_main
PJ016	6	1	2838	GBM	DS1_GSE103224	PJ016	0.00035236081747709656	patient_id	leiden_scvi_main
PJ016	7	1759	2838	GBM	DS1_GSE103224	PJ016	0.6198026779422128	patient_id	leiden_scvi_main
PJ016	8	1	2838	GBM	DS1_GSE103224	PJ016	0.00035236081747709656	patient_id	leiden_scvi_main
PJ016	9	2	2838	GBM	DS1_GSE103224	PJ016	0.0007047216349541931	patient_id	leiden_scvi_main
PJ017	0	34	1237	GBM	DS1_GSE103224	PJ017	0.0274858528698464	patient_id	leiden_scvi_main
PJ017	1	133	1237	GBM	DS1_GSE103224	PJ017	0.10751818916734034	patient_id	leiden_scvi_main
PJ017	10	1	1237	GBM	DS1_GSE103224	PJ017	0.0008084074373484236	patient_id	leiden_scvi_main
PJ017	11	15	1237	GBM	DS1_GSE103224	PJ017	0.012126111560226353	patient_id	leiden_scvi_main
PJ017	12	3	1237	GBM	DS1_GSE103224	PJ017	0.002425222312045271	patient_id	leiden_scvi_main
PJ017	13	4	1237	GBM	DS1_GSE103224	PJ017	0.0032336297493936943	patient_id	leiden_scvi_main
PJ017	14	8	1237	GBM	DS1_GSE103224	PJ017	0.0064672594987873885	patient_id	leiden_scvi_main
PJ017	2	9	1237	GBM	DS1_GSE103224	PJ017	0.007275666936135812	patient_id	leiden_scvi_main
PJ017	3	196	1237	GBM	DS1_GSE103224	PJ017	0.15844785772029102	patient_id	leiden_scvi_main
PJ017	4	294	1237	GBM	DS1_GSE103224	PJ017	0.23767178658043653	patient_id	leiden_scvi_main
PJ017	5	69	1237	GBM	DS1_GSE103224	PJ017	0.05578011317704123	patient_id	leiden_scvi_main
PJ017	6	260	1237	GBM	DS1_GSE103224	PJ017	0.21018593371059013	patient_id	leiden_scvi_main
PJ017	7	198	1237	GBM	DS1_GSE103224	PJ017	0.16006467259498788	patient_id	leiden_scvi_main
PJ017	8	4	1237	GBM	DS1_GSE103224	PJ017	0.0032336297493936943	patient_id	leiden_scvi_main
PJ017	9	9	1237	GBM	DS1_GSE103224	PJ017	0.007275666936135812	patient_id	leiden_scvi_main
PJ018	0	564	2163	GBM	DS1_GSE103224	PJ018	0.260748959778086	patient_id	leiden_scvi_main
PJ018	1	23	2163	GBM	DS1_GSE103224	PJ018	0.0106333795654184	patient_id	leiden_scvi_main
PJ018	11	150	2163	GBM	DS1_GSE103224	PJ018	0.06934812760055478	patient_id	leiden_scvi_main
PJ018	13	21	2163	GBM	DS1_GSE103224	PJ018	0.009708737864077669	patient_id	leiden_scvi_main
PJ018	14	10	2163	GBM	DS1_GSE103224	PJ018	0.004623208506703652	patient_id	leiden_scvi_main
PJ018	2	514	2163	GBM	DS1_GSE103224	PJ018	0.23763291724456773	patient_id	leiden_scvi_main
PJ018	3	37	2163	GBM	DS1_GSE103224	PJ018	0.017105871474803514	patient_id	leiden_scvi_main
PJ018	4	666	2163	GBM	DS1_GSE103224	PJ018	0.3079056865464632	patient_id	leiden_scvi_main
PJ018	5	1	2163	GBM	DS1_GSE103224	PJ018	0.0004623208506703652	patient_id	leiden_scvi_main
PJ018	6	5	2163	GBM	DS1_GSE103224	PJ018	0.002311604253351826	patient_id	leiden_scvi_main
PJ018	7	95	2163	GBM	DS1_GSE103224	PJ018	0.043920480813684694	patient_id	leiden_scvi_main
PJ018	8	73	2163	GBM	DS1_GSE103224	PJ018	0.03374942209893666	patient_id	leiden_scvi_main
PJ018	9	4	2163	GBM	DS1_GSE103224	PJ018	0.0018492834026814608	patient_id	leiden_scvi_main
PJ025	0	2847	5829	GBM	DS1_GSE103224	PJ025	0.48841996911991764	patient_id	leiden_scvi_main
PJ025	1	65	5829	GBM	DS1_GSE103224	PJ025	0.011151140847486704	patient_id	leiden_scvi_main
PJ025	11	2	5829	GBM	DS1_GSE103224	PJ025	0.00034311202607651396	patient_id	leiden_scvi_main
PJ025	12	6	5829	GBM	DS1_GSE103224	PJ025	0.001029336078229542	patient_id	leiden_scvi_main
PJ025	13	218	5829	GBM	DS1_GSE103224	PJ025	0.037399210842340026	patient_id	leiden_scvi_main
PJ025	14	148	5829	GBM	DS1_GSE103224	PJ025	0.025390289929662035	patient_id	leiden_scvi_main
PJ025	17	1	5829	GBM	DS1_GSE103224	PJ025	0.00017155601303825698	patient_id	leiden_scvi_main
PJ025	2	782	5829	GBM	DS1_GSE103224	PJ025	0.13415680219591697	patient_id	leiden_scvi_main
PJ025	3	8	5829	GBM	DS1_GSE103224	PJ025	0.0013724481043060558	patient_id	leiden_scvi_main
PJ025	4	675	5829	GBM	DS1_GSE103224	PJ025	0.11580030880082347	patient_id	leiden_scvi_main
PJ025	5	9	5829	GBM	DS1_GSE103224	PJ025	0.001544004117344313	patient_id	leiden_scvi_main
PJ025	6	44	5829	GBM	DS1_GSE103224	PJ025	0.007548464573683308	patient_id	leiden_scvi_main
PJ025	7	1008	5829	GBM	DS1_GSE103224	PJ025	0.17292846114256305	patient_id	leiden_scvi_main
PJ025	9	16	5829	GBM	DS1_GSE103224	PJ025	0.0027448962086121117	patient_id	leiden_scvi_main
PJ030	0	971	3048	GBM	DS1_GSE103224	PJ030	0.3185695538057743	patient_id	leiden_scvi_main
PJ030	1	322	3048	GBM	DS1_GSE103224	PJ030	0.10564304461942257	patient_id	leiden_scvi_main
PJ030	11	42	3048	GBM	DS1_GSE103224	PJ030	0.013779527559055118	patient_id	leiden_scvi_main
PJ030	12	3	3048	GBM	DS1_GSE103224	PJ030	0.000984251968503937	patient_id	leiden_scvi_main
PJ030	13	111	3048	GBM	DS1_GSE103224	PJ030	0.03641732283464567	patient_id	leiden_scvi_main
PJ030	14	233	3048	GBM	DS1_GSE103224	PJ030	0.07644356955380577	patient_id	leiden_scvi_main
PJ030	2	362	3048	GBM	DS1_GSE103224	PJ030	0.11876640419947507	patient_id	leiden_scvi_main
PJ030	3	3	3048	GBM	DS1_GSE103224	PJ030	0.000984251968503937	patient_id	leiden_scvi_main
PJ030	4	2	3048	GBM	DS1_GSE103224	PJ030	0.0006561679790026247	patient_id	leiden_scvi_main
PJ030	5	9	3048	GBM	DS1_GSE103224	PJ030	0.002952755905511811	patient_id	leiden_scvi_main
PJ030	6	13	3048	GBM	DS1_GSE103224	PJ030	0.00426509186351706	patient_id	leiden_scvi_main
PJ030	7	886	3048	GBM	DS1_GSE103224	PJ030	0.29068241469816275	patient_id	leiden_scvi_main
PJ030	8	66	3048	GBM	DS1_GSE103224	PJ030	0.021653543307086614	patient_id	leiden_scvi_main
PJ030	9	25	3048	GBM	DS1_GSE103224	PJ030	0.008202099737532808	patient_id	leiden_scvi_main
PJ032	0	205	1354	GBM	DS1_GSE103224	PJ032	0.15140324963072377	patient_id	leiden_scvi_main
PJ032	1	557	1354	GBM	DS1_GSE103224	PJ032	0.4113737075332349	patient_id	leiden_scvi_main
PJ032	12	6	1354	GBM	DS1_GSE103224	PJ032	0.004431314623338257	patient_id	leiden_scvi_main
PJ032	13	10	1354	GBM	DS1_GSE103224	PJ032	0.007385524372230428	patient_id	leiden_scvi_main
PJ032	14	1	1354	GBM	DS1_GSE103224	PJ032	0.0007385524372230429	patient_id	leiden_scvi_main
PJ032	2	5	1354	GBM	DS1_GSE103224	PJ032	0.003692762186115214	patient_id	leiden_scvi_main
PJ032	3	122	1354	GBM	DS1_GSE103224	PJ032	0.09010339734121123	patient_id	leiden_scvi_main
PJ032	4	178	1354	GBM	DS1_GSE103224	PJ032	0.13146233382570163	patient_id	leiden_scvi_main
PJ032	5	5	1354	GBM	DS1_GSE103224	PJ032	0.003692762186115214	patient_id	leiden_scvi_main
PJ032	6	60	1354	GBM	DS1_GSE103224	PJ032	0.04431314623338257	patient_id	leiden_scvi_main
PJ032	7	174	1354	GBM	DS1_GSE103224	PJ032	0.12850812407680945	patient_id	leiden_scvi_main
PJ032	8	4	1354	GBM	DS1_GSE103224	PJ032	0.0029542097488921715	patient_id	leiden_scvi_main
PJ032	9	27	1354	GBM	DS1_GSE103224	PJ032	0.019940915805022157	patient_id	leiden_scvi_main
PJ035	0	1112	3707	GBM	DS1_GSE103224	PJ035	0.2999730240086323	patient_id	leiden_scvi_main
PJ035	1	433	3707	GBM	DS1_GSE103224	PJ035	0.11680604262206636	patient_id	leiden_scvi_main
PJ035	11	84	3707	GBM	DS1_GSE103224	PJ035	0.02265983274885352	patient_id	leiden_scvi_main
PJ035	12	2	3707	GBM	DS1_GSE103224	PJ035	0.0005395198273536552	patient_id	leiden_scvi_main
PJ035	13	69	3707	GBM	DS1_GSE103224	PJ035	0.018613434043701107	patient_id	leiden_scvi_main
PJ035	14	71	3707	GBM	DS1_GSE103224	PJ035	0.01915295387105476	patient_id	leiden_scvi_main
PJ035	2	1181	3707	GBM	DS1_GSE103224	PJ035	0.31858645805233343	patient_id	leiden_scvi_main
PJ035	3	49	3707	GBM	DS1_GSE103224	PJ035	0.013218235770164554	patient_id	leiden_scvi_main
PJ035	4	154	3707	GBM	DS1_GSE103224	PJ035	0.04154302670623145	patient_id	leiden_scvi_main
PJ035	5	5	3707	GBM	DS1_GSE103224	PJ035	0.001348799568384138	patient_id	leiden_scvi_main
PJ035	6	9	3707	GBM	DS1_GSE103224	PJ035	0.0024278392230914487	patient_id	leiden_scvi_main
PJ035	7	485	3707	GBM	DS1_GSE103224	PJ035	0.1308335581332614	patient_id	leiden_scvi_main
PJ035	8	6	3707	GBM	DS1_GSE103224	PJ035	0.0016185594820609657	patient_id	leiden_scvi_main
PJ035	9	47	3707	GBM	DS1_GSE103224	PJ035	0.012678715942810899	patient_id	leiden_scvi_main
PJ048	0	611	3031	GBM	DS1_GSE103224	PJ048	0.20158363576377433	patient_id	leiden_scvi_main
PJ048	1	4	3031	GBM	DS1_GSE103224	PJ048	0.0013196964698119432	patient_id	leiden_scvi_main
PJ048	11	802	3031	GBM	DS1_GSE103224	PJ048	0.26459914219729463	patient_id	leiden_scvi_main
PJ048	12	3	3031	GBM	DS1_GSE103224	PJ048	0.0009897723523589574	patient_id	leiden_scvi_main
PJ048	13	32	3031	GBM	DS1_GSE103224	PJ048	0.010557571758495546	patient_id	leiden_scvi_main
PJ048	14	28	3031	GBM	DS1_GSE103224	PJ048	0.009237875288683603	patient_id	leiden_scvi_main
PJ048	15	1	3031	GBM	DS1_GSE103224	PJ048	0.0003299241174529858	patient_id	leiden_scvi_main
PJ048	2	989	3031	GBM	DS1_GSE103224	PJ048	0.32629495216100296	patient_id	leiden_scvi_main
PJ048	3	2	3031	GBM	DS1_GSE103224	PJ048	0.0006598482349059716	patient_id	leiden_scvi_main
PJ048	4	264	3031	GBM	DS1_GSE103224	PJ048	0.08709996700758825	patient_id	leiden_scvi_main
PJ048	5	2	3031	GBM	DS1_GSE103224	PJ048	0.0006598482349059716	patient_id	leiden_scvi_main
PJ048	7	275	3031	GBM	DS1_GSE103224	PJ048	0.0907291322995711	patient_id	leiden_scvi_main
PJ048	8	18	3031	GBM	DS1_GSE103224	PJ048	0.0059386341141537445	patient_id	leiden_scvi_main
PJ052	0	948	1364	GBM	DS2_GSE141383	PJ052	0.6950146627565983	patient_id	leiden_scvi_main
PJ052	1	21	1364	GBM	DS2_GSE141383	PJ052	0.015395894428152493	patient_id	leiden_scvi_main
PJ052	11	29	1364	GBM	DS2_GSE141383	PJ052	0.02126099706744868	patient_id	leiden_scvi_main
PJ052	12	1	1364	GBM	DS2_GSE141383	PJ052	0.0007331378299120235	patient_id	leiden_scvi_main
PJ052	13	1	1364	GBM	DS2_GSE141383	PJ052	0.0007331378299120235	patient_id	leiden_scvi_main
PJ052	14	10	1364	GBM	DS2_GSE141383	PJ052	0.007331378299120235	patient_id	leiden_scvi_main
PJ052	2	249	1364	GBM	DS2_GSE141383	PJ052	0.18255131964809385	patient_id	leiden_scvi_main
PJ052	3	1	1364	GBM	DS2_GSE141383	PJ052	0.0007331378299120235	patient_id	leiden_scvi_main
PJ052	4	23	1364	GBM	DS2_GSE141383	PJ052	0.01686217008797654	patient_id	leiden_scvi_main
PJ052	6	1	1364	GBM	DS2_GSE141383	PJ052	0.0007331378299120235	patient_id	leiden_scvi_main
PJ052	7	77	1364	GBM	DS2_GSE141383	PJ052	0.056451612903225805	patient_id	leiden_scvi_main
PJ052	9	3	1364	GBM	DS2_GSE141383	PJ052	0.0021994134897360706	patient_id	leiden_scvi_main
PJ053	0	590	3034	GBM	DS2_GSE141383	PJ053	0.1944627554383652	patient_id	leiden_scvi_main
PJ053	1	21	3034	GBM	DS2_GSE141383	PJ053	0.006921555702043507	patient_id	leiden_scvi_main
PJ053	11	457	3034	GBM	DS2_GSE141383	PJ053	0.15062623599208966	patient_id	leiden_scvi_main
PJ053	12	7	3034	GBM	DS2_GSE141383	PJ053	0.0023071852340145024	patient_id	leiden_scvi_main
PJ053	13	12	3034	GBM	DS2_GSE141383	PJ053	0.003955174686882004	patient_id	leiden_scvi_main
PJ053	14	73	3034	GBM	DS2_GSE141383	PJ053	0.024060646011865524	patient_id	leiden_scvi_main
PJ053	2	290	3034	GBM	DS2_GSE141383	PJ053	0.0955833882663151	patient_id	leiden_scvi_main
PJ053	3	88	3034	GBM	DS2_GSE141383	PJ053	0.02900461437046803	patient_id	leiden_scvi_main
PJ053	4	1110	3034	GBM	DS2_GSE141383	PJ053	0.36585365853658536	patient_id	leiden_scvi_main
PJ053	7	182	3034	GBM	DS2_GSE141383	PJ053	0.05998681608437706	patient_id	leiden_scvi_main
PJ053	8	199	3034	GBM	DS2_GSE141383	PJ053	0.06558998022412657	patient_id	leiden_scvi_main
PJ053	9	5	3034	GBM	DS2_GSE141383	PJ053	0.0016479894528675016	patient_id	leiden_scvi_main
PW016-703	0	190	1530	GBM	DS2_GSE141383	PW016-703	0.12418300653594772	patient_id	leiden_scvi_main
PW016-703	1	143	1530	GBM	DS2_GSE141383	PW016-703	0.0934640522875817	patient_id	leiden_scvi_main
PW016-703	11	247	1530	GBM	DS2_GSE141383	PW016-703	0.16143790849673204	patient_id	leiden_scvi_main
PW016-703	13	1	1530	GBM	DS2_GSE141383	PW016-703	0.00065359477124183	patient_id	leiden_scvi_main
PW016-703	2	406	1530	GBM	DS2_GSE141383	PW016-703	0.265359477124183	patient_id	leiden_scvi_main
PW016-703	3	125	1530	GBM	DS2_GSE141383	PW016-703	0.08169934640522876	patient_id	leiden_scvi_main
PW016-703	4	146	1530	GBM	DS2_GSE141383	PW016-703	0.09542483660130718	patient_id	leiden_scvi_main
PW016-703	5	2	1530	GBM	DS2_GSE141383	PW016-703	0.00130718954248366	patient_id	leiden_scvi_main
PW016-703	6	12	1530	GBM	DS2_GSE141383	PW016-703	0.00784313725490196	patient_id	leiden_scvi_main
PW016-703	7	173	1530	GBM	DS2_GSE141383	PW016-703	0.1130718954248366	patient_id	leiden_scvi_main
PW016-703	8	59	1530	GBM	DS2_GSE141383	PW016-703	0.038562091503267976	patient_id	leiden_scvi_main
PW016-703	9	26	1530	GBM	DS2_GSE141383	PW016-703	0.01699346405228758	patient_id	leiden_scvi_main
PW017-703	0	267	1514	GBM	DS2_GSE141383	PW017-703	0.1763540290620872	patient_id	leiden_scvi_main
PW017-703	1	238	1514	GBM	DS2_GSE141383	PW017-703	0.1571994715984148	patient_id	leiden_scvi_main
PW017-703	10	1	1514	GBM	DS2_GSE141383	PW017-703	0.0006605019815059445	patient_id	leiden_scvi_main
PW017-703	11	19	1514	GBM	DS2_GSE141383	PW017-703	0.012549537648612946	patient_id	leiden_scvi_main
PW017-703	12	3	1514	GBM	DS2_GSE141383	PW017-703	0.0019815059445178335	patient_id	leiden_scvi_main
PW017-703	13	7	1514	GBM	DS2_GSE141383	PW017-703	0.004623513870541612	patient_id	leiden_scvi_main
PW017-703	14	3	1514	GBM	DS2_GSE141383	PW017-703	0.0019815059445178335	patient_id	leiden_scvi_main
PW017-703	2	274	1514	GBM	DS2_GSE141383	PW017-703	0.1809775429326288	patient_id	leiden_scvi_main
PW017-703	3	146	1514	GBM	DS2_GSE141383	PW017-703	0.0964332892998679	patient_id	leiden_scvi_main
PW017-703	4	215	1514	GBM	DS2_GSE141383	PW017-703	0.14200792602377807	patient_id	leiden_scvi_main
PW017-703	5	3	1514	GBM	DS2_GSE141383	PW017-703	0.0019815059445178335	patient_id	leiden_scvi_main
PW017-703	6	13	1514	GBM	DS2_GSE141383	PW017-703	0.008586525759577279	patient_id	leiden_scvi_main
PW017-703	7	297	1514	GBM	DS2_GSE141383	PW017-703	0.19616908850726553	patient_id	leiden_scvi_main
PW017-703	8	10	1514	GBM	DS2_GSE141383	PW017-703	0.0066050198150594455	patient_id	leiden_scvi_main
PW017-703	9	18	1514	GBM	DS2_GSE141383	PW017-703	0.011889035667107	patient_id	leiden_scvi_main
PW032-706	0	2446	4746	GBM	DS2_GSE141383	PW032-706	0.5153813737884534	patient_id	leiden_scvi_main
PW032-706	1	6	4746	GBM	DS2_GSE141383	PW032-706	0.0012642225031605564	patient_id	leiden_scvi_main
PW032-706	11	13	4746	GBM	DS2_GSE141383	PW032-706	0.002739148756847872	patient_id	leiden_scvi_main
PW032-706	12	6	4746	GBM	DS2_GSE141383	PW032-706	0.0012642225031605564	patient_id	leiden_scvi_main
PW032-706	13	12	4746	GBM	DS2_GSE141383	PW032-706	0.0025284450063211127	patient_id	leiden_scvi_main
PW032-706	14	160	4746	GBM	DS2_GSE141383	PW032-706	0.0337126000842815	patient_id	leiden_scvi_main
PW032-706	2	1581	4746	GBM	DS2_GSE141383	PW032-706	0.3331226295828066	patient_id	leiden_scvi_main
PW032-706	3	9	4746	GBM	DS2_GSE141383	PW032-706	0.0018963337547408343	patient_id	leiden_scvi_main
PW032-706	4	86	4746	GBM	DS2_GSE141383	PW032-706	0.018120522545301308	patient_id	leiden_scvi_main
PW032-706	5	10	4746	GBM	DS2_GSE141383	PW032-706	0.002107037505267594	patient_id	leiden_scvi_main
PW032-706	7	407	4746	GBM	DS2_GSE141383	PW032-706	0.08575642646439106	patient_id	leiden_scvi_main
PW032-706	9	10	4746	GBM	DS2_GSE141383	PW032-706	0.002107037505267594	patient_id	leiden_scvi_main
PW032-710	0	153	979	GBM	DS2_GSE141383	PW032-710	0.15628192032686414	patient_id	leiden_scvi_main
PW032-710	1	194	979	GBM	DS2_GSE141383	PW032-710	0.19816138917262513	patient_id	leiden_scvi_main
PW032-710	12	5	979	GBM	DS2_GSE141383	PW032-710	0.005107252298263534	patient_id	leiden_scvi_main
PW032-710	13	29	979	GBM	DS2_GSE141383	PW032-710	0.0296220633299285	patient_id	leiden_scvi_main
PW032-710	14	21	979	GBM	DS2_GSE141383	PW032-710	0.021450459652706845	patient_id	leiden_scvi_main
PW032-710	17	1	979	GBM	DS2_GSE141383	PW032-710	0.0010214504596527069	patient_id	leiden_scvi_main
PW032-710	2	120	979	GBM	DS2_GSE141383	PW032-710	0.12257405515832483	patient_id	leiden_scvi_main
PW032-710	3	120	979	GBM	DS2_GSE141383	PW032-710	0.12257405515832483	patient_id	leiden_scvi_main
PW032-710	4	185	979	GBM	DS2_GSE141383	PW032-710	0.18896833503575078	patient_id	leiden_scvi_main
PW032-710	6	3	979	GBM	DS2_GSE141383	PW032-710	0.0030643513789581204	patient_id	leiden_scvi_main
PW032-710	7	78	979	GBM	DS2_GSE141383	PW032-710	0.07967313585291114	patient_id	leiden_scvi_main
PW032-710	8	65	979	GBM	DS2_GSE141383	PW032-710	0.06639427987742594	patient_id	leiden_scvi_main
PW032-710	9	5	979	GBM	DS2_GSE141383	PW032-710	0.005107252298263534	patient_id	leiden_scvi_main
PW035-710	0	594	953	GBM	DS2_GSE141383	PW035-710	0.6232948583420777	patient_id	leiden_scvi_main
PW035-710	1	16	953	GBM	DS2_GSE141383	PW035-710	0.016789087093389297	patient_id	leiden_scvi_main
PW035-710	12	2	953	GBM	DS2_GSE141383	PW035-710	0.002098635886673662	patient_id	leiden_scvi_main
PW035-710	14	1	953	GBM	DS2_GSE141383	PW035-710	0.001049317943336831	patient_id	leiden_scvi_main
PW035-710	17	1	953	GBM	DS2_GSE141383	PW035-710	0.001049317943336831	patient_id	leiden_scvi_main
PW035-710	2	184	953	GBM	DS2_GSE141383	PW035-710	0.1930745015739769	patient_id	leiden_scvi_main
PW035-710	3	2	953	GBM	DS2_GSE141383	PW035-710	0.002098635886673662	patient_id	leiden_scvi_main
PW035-710	4	7	953	GBM	DS2_GSE141383	PW035-710	0.007345225603357817	patient_id	leiden_scvi_main
PW035-710	5	6	953	GBM	DS2_GSE141383	PW035-710	0.0062959076600209865	patient_id	leiden_scvi_main
PW035-710	6	88	953	GBM	DS2_GSE141383	PW035-710	0.09233997901364113	patient_id	leiden_scvi_main
PW035-710	7	24	953	GBM	DS2_GSE141383	PW035-710	0.025183630640083946	patient_id	leiden_scvi_main
PW035-710	8	13	953	GBM	DS2_GSE141383	PW035-710	0.013641133263378805	patient_id	leiden_scvi_main
PW035-710	9	15	953	GBM	DS2_GSE141383	PW035-710	0.015739769150052464	patient_id	leiden_scvi_main
PW039-705	0	29	946	GBM	DS2_GSE141383	PW039-705	0.0306553911205074	patient_id	leiden_scvi_main
PW039-705	1	17	946	GBM	DS2_GSE141383	PW039-705	0.017970401691331923	patient_id	leiden_scvi_main
PW039-705	11	9	946	GBM	DS2_GSE141383	PW039-705	0.009513742071881607	patient_id	leiden_scvi_main
PW039-705	12	6	946	GBM	DS2_GSE141383	PW039-705	0.006342494714587738	patient_id	leiden_scvi_main
PW039-705	14	2	946	GBM	DS2_GSE141383	PW039-705	0.0021141649048625794	patient_id	leiden_scvi_main
PW039-705	17	1	946	GBM	DS2_GSE141383	PW039-705	0.0010570824524312897	patient_id	leiden_scvi_main
PW039-705	2	2	946	GBM	DS2_GSE141383	PW039-705	0.0021141649048625794	patient_id	leiden_scvi_main
PW039-705	3	159	946	GBM	DS2_GSE141383	PW039-705	0.16807610993657504	patient_id	leiden_scvi_main
PW039-705	4	428	946	GBM	DS2_GSE141383	PW039-705	0.452431289640592	patient_id	leiden_scvi_main
PW039-705	5	2	946	GBM	DS2_GSE141383	PW039-705	0.0021141649048625794	patient_id	leiden_scvi_main
PW039-705	6	2	946	GBM	DS2_GSE141383	PW039-705	0.0021141649048625794	patient_id	leiden_scvi_main
PW039-705	7	33	946	GBM	DS2_GSE141383	PW039-705	0.03488372093023256	patient_id	leiden_scvi_main
PW039-705	8	249	946	GBM	DS2_GSE141383	PW039-705	0.2632135306553911	patient_id	leiden_scvi_main
PW039-705	9	7	946	GBM	DS2_GSE141383	PW039-705	0.007399577167019027	patient_id	leiden_scvi_main
