final_group_for_stats	copykat_pred_clean_for_stats	n_cells	fraction_all_cells
cycling_malignant_like_candidate	aneuploid	29096	0.08279386615143401
cycling_malignant_like_candidate	diploid	5913	0.016825684992900374
cycling_malignant_like_candidate	not_defined	3625	0.010315086774778262
malignant_like	aneuploid	88602	0.25212063956383546
malignant_like	diploid	20033	0.057004726443898736
malignant_like	not_defined	14614	0.04158473879354745
malignant_like	missing	1	2.8455411792491756e-06
non_malignant_or_diploid_leaning	diploid	16139	0.04592418909190244
non_malignant_or_diploid_leaning	aneuploid	4379	0.01246062482393214
non_malignant_or_diploid_leaning	not_defined	1847	0.005255714558073227
review	aneuploid	80818	0.22997094702455986
review	diploid	69408	0.19750332216932678
review	not_defined	16951	0.04823476852945277
review	missing	1	2.8455411792491756e-06
