leiden_scvi_main	n_cells	n_aneuploid	n_diploid	n_not_defined	n_missing	n_defined	aneuploid_fraction_all	aneuploid_fraction_defined	not_defined_fraction	missing_fraction	annotation_marker_based_HVG8000_r0_6	copykat_cluster_call	copykat_biological_interpretation	cluster	annotation	final_cnv_consensus_call	n_high_calls	n_intermediate_or_high_calls	median_of_strategy_median_cnv_abs_score	consensus_cnv_call	cluster_str
4.0	32896	24754	4562	3580	0	29316	0.7524927042801557	0.844385318597353	0.1088278210116731	0.0	putative_tumor_hypoxia_stress	copykat_aneuploid_high	marker_tumor_like_with_copykat_support	4.0	putative_tumor_hypoxia_stress	malignant_like_copykat_supported	0.0	0.0	0.0123622723158085	CNV_low_or_reference_like	4
0.0	61646	45910	8947	6789	0	54857	0.7447360737111897	0.8369032211021383	0.110128799922136	0.0	putative_tumor_OPC_NPC_like	copykat_aneuploid_high	marker_tumor_like_with_copykat_support	0.0	putative_tumor_OPC_NPC_like	malignant_like_copykat_supported	0.0	0.0	0.0165153795835707	CNV_low_or_reference_like	0
2.0	38634	29096	5913	3625	0	35009	0.7531190143397007	0.8311005741380788	0.0938292695553139	0.0	cycling_proliferating_cells	copykat_aneuploid_high	copykat_high_aneuploid_review_annotation	2.0	cycling_proliferating_cells	cycling_malignant_like_candidate	0.0	0.0	0.0166810242884798	CNV_low_or_reference_like	2
7.0	22524	14292	5140	3092	0	19432	0.6345231752797017	0.7354878550843968	0.1372757947078671	0.0	putative_tumor_AC_like_reactive	copykat_aneuploid_high	marker_tumor_like_with_copykat_support	7.0	putative_tumor_AC_like_reactive	malignant_like_copykat_supported	0.0	0.0	0.0159502339681734	CNV_low_or_reference_like	7
10.0	6340	4445	1675	220	0	6120	0.7011041009463722	0.7263071895424836	0.0347003154574132	0.0	myeloid_FCN1_inflammatory_monocyte_like	copykat_aneuploid_high	copykat_high_aneuploid_review_annotation	10.0	myeloid_FCN1_inflammatory_monocyte_like	marker_copykat_discordant_high_aneuploid_review					10
11.0	6183	3646	1384	1153	0	5030	0.5896813844412098	0.7248508946322068	0.1864790554746886	0.0	putative_tumor_NPC_neuronal_like	copykat_aneuploid_high	marker_tumor_like_with_copykat_support	11.0	putative_tumor_NPC_neuronal_like	malignant_like_copykat_supported	0.0	0.0	0.0173462746139121	CNV_low_or_reference_like	11
12.0	4803	2978	1446	379	0	4424	0.6200291484488861	0.6731464737793852	0.078909015198834	0.0	MES_ECM_stromal_like_ambiguous	copykat_aneuploid_high	copykat_high_aneuploid_review_annotation	12.0	MES_ECM_stromal_like_ambiguous	ambiguous_high_aneuploid_review	0.0	0.0	0.0138805227908019	CNV_low_or_reference_like	12
3.0	35354	21350	12033	1971	0	33383	0.6038920631328846	0.6395470748584609	0.0557504101374667	0.0	myeloid_inflammatory_MES_associated	copykat_aneuploid_mixed_moderate_high	review_with_marker_and_composition_context	3.0	myeloid_inflammatory_MES_associated	marker_copykat_discordant_high_aneuploid_review					3
1.0	59791	29402	24843	5546	0	54245	0.4917462494355338	0.5420223062033367	0.0927564349149537	0.0	myeloid_C1Q_TREM2_APOE_TAM	copykat_aneuploid_mixed_moderate_high	review_with_marker_and_composition_context	1.0	myeloid_C1Q_TREM2_APOE_TAM	mixed_moderate_aneuploid_review					1
17.0	105	42	41	22	0	83	0.4	0.5060240963855421	0.2095238095238095	0.0	erythroid_Hb_high_or_ambient_RBC	copykat_aneuploid_mixed_moderate_high	review_with_marker_and_composition_context	17.0	erythroid_Hb_high_or_ambient_RBC	mixed_moderate_aneuploid_review					17
6.0	22943	10847	10728	1368	0	21575	0.4727803687399207	0.5027578215527231	0.0596260297258423	0.0	myeloid_APC_HLA_CD163_TAM	copykat_aneuploid_mixed_moderate_high	review_with_marker_and_composition_context	6.0	myeloid_APC_HLA_CD163_TAM	mixed_moderate_aneuploid_review					6
5.0	23977	8354	12387	3236	0	20741	0.3484172331817992	0.402777108143291	0.1349626725612044	0.0	T_NK_cells	copykat_aneuploid_mixed_moderate_high	review_with_marker_and_composition_context	5.0	T_NK_cells	mixed_review					5
9.0	13864	3400	6255	4209	0	9655	0.2452394691286785	0.3521491455204557	0.3035920369301789	0.0	ambiguous_mixed_Hb_T_NK_HLA	copykat_aneuploid_low_mixed	review_with_marker_and_composition_context	9.0	ambiguous_mixed_Hb_T_NK_HLA	mixed_review	0.0	0.0	0.0134011113617652	CNV_low_or_reference_like	9
13.0	3566	865	2241	460	0	3106	0.2425687044307347	0.2784932388924662	0.1289960740325294	0.0	mural_pericyte_fibroblast_like	copykat_aneuploid_low_mixed	review_with_marker_and_composition_context	13.0	mural_pericyte_fibroblast_like	copykat_low_or_diploid_leaning					13
15.0	1167	250	733	184	0	983	0.2142245072836332	0.254323499491353	0.157669237360754	0.0	B_plasma_like	copykat_aneuploid_low_mixed	review_with_marker_and_composition_context	15.0	B_plasma_like	copykat_low_or_diploid_leaning					15
16.0	183	33	126	24	0	159	0.180327868852459	0.2075471698113207	0.1311475409836065	0.0	rare_mast_cell_like	copykat_aneuploid_low_mixed	review_with_marker_and_composition_context	16.0	rare_mast_cell_like	copykat_low_or_diploid_leaning					16
14.0	2640	444	1722	474	0	2166	0.1681818181818181	0.2049861495844875	0.1795454545454545	0.0	endothelial	copykat_aneuploid_low_mixed	review_with_marker_and_composition_context	14.0	endothelial	non_malignant_reference_like					14
8.0	14809	2787	11317	705	0	14104	0.1881963670740765	0.1976035167328417	0.0476061854277804	0.0	oligodendrocyte_myelinating	copykat_diploid_dominant	non_malignant_reference_like_by_copykat	8.0	oligodendrocyte_myelinating	non_malignant_reference_like					8
	2	0	0	0	2	0	0.0		0.0	1.0		insufficient_defined_cells	review_with_marker_and_composition_context			insufficient_cells_review					nan
