cluster	n_cells	cluster_key
0	61646	leiden_scvi_HVG8000_r0_6
1	59791	leiden_scvi_HVG8000_r0_6
2	38634	leiden_scvi_HVG8000_r0_6
3	35355	leiden_scvi_HVG8000_r0_6
4	32896	leiden_scvi_HVG8000_r0_6
5	23977	leiden_scvi_HVG8000_r0_6
6	22943	leiden_scvi_HVG8000_r0_6
7	22525	leiden_scvi_HVG8000_r0_6
8	14809	leiden_scvi_HVG8000_r0_6
9	13864	leiden_scvi_HVG8000_r0_6
10	6340	leiden_scvi_HVG8000_r0_6
11	6183	leiden_scvi_HVG8000_r0_6
12	4803	leiden_scvi_HVG8000_r0_6
13	3566	leiden_scvi_HVG8000_r0_6
14	2640	leiden_scvi_HVG8000_r0_6
15	1167	leiden_scvi_HVG8000_r0_6
16	183	leiden_scvi_HVG8000_r0_6
17	105	leiden_scvi_HVG8000_r0_6
