cluster	cluster_key	n_cells	top_core_dataset	top_core_dataset_n	top_core_dataset_fraction	n_core_dataset_present	top_condition	top_condition_n	top_condition_fraction	n_condition_present	top_patient_id	top_patient_id_n	top_patient_id_fraction	n_patient_id_present	top_sample_id	top_sample_id_n	top_sample_id_fraction	n_sample_id_present
0	leiden_scvi_HVG8000_r0_6	61646	DS3_GSE182109	34269	0.5558998150731597	4	GBM	27377	0.44410018492684034	4	04	11437	0.1855270414949875	49	GSM5518602_ndGBM-01-D	3988	0.06469195081594913	79
1	leiden_scvi_HVG8000_r0_6	59791	DS3_GSE182109	40039	0.6696492783194795	4	ndGBM	25506	0.4265859410279139	4	01	8881	0.14853406031008012	50	GSM5518603_ndGBM-01-F	3764	0.06295261828703316	82
10	leiden_scvi_HVG8000_r0_6	6340	DS3_GSE182109	6192	0.9766561514195583	4	rGBM	5276	0.8321766561514196	4	02	5163	0.8143533123028391	31	GSM5518615_rGBM-02-5	3625	0.5717665615141956	59
11	leiden_scvi_HVG8000_r0_6	6183	DS4_GSE278450	2446	0.39560084101568815	4	GBM	4423	0.715348536309235	4	GSM8546836_BT368	956	0.15461749959566554	42	GSM8546836_BT368	956	0.15461749959566554	66
12	leiden_scvi_HVG8000_r0_6	4803	DS3_GSE182109	4578	0.9531542785758901	4	ndGBM	3058	0.6366854049552363	4	06	1757	0.3658130335207162	38	GSM5518635_ndGBM-06	1757	0.3658130335207162	68
13	leiden_scvi_HVG8000_r0_6	3566	DS3_GSE182109	2943	0.8252944475602917	4	ndGBM	2446	0.6859226023555804	4	02	2234	0.6264722378014582	33	GSM5518608_ndGBM-02-1	560	0.15703869882220975	60
14	leiden_scvi_HVG8000_r0_6	2640	DS3_GSE182109	1614	0.6113636363636363	4	GBM	1026	0.3886363636363636	4	02	638	0.24166666666666667	34	GSM5518634_ndGBM-05	352	0.13333333333333333	62
15	leiden_scvi_HVG8000_r0_6	1167	DS3_GSE182109	1155	0.9897172236503856	3	ndGBM	619	0.5304198800342759	4	02	443	0.3796058269065981	16	GSM5518636_ndGBM-07	434	0.3718937446443873	41
16	leiden_scvi_HVG8000_r0_6	183	DS3_GSE182109	179	0.9781420765027322	2	ndGBM	122	0.6666666666666666	4	07	113	0.6174863387978142	9	GSM5518636_ndGBM-07	113	0.6174863387978142	12
17	leiden_scvi_HVG8000_r0_6	105	DS3_GSE182109	81	0.7714285714285715	4	ndGBM	41	0.3904761904761905	4	02	41	0.3904761904761905	22	GSM5518630_LGG-04-1	17	0.1619047619047619	34
2	leiden_scvi_HVG8000_r0_6	38634	DS3_GSE182109	21352	0.552673810633121	4	GBM	17282	0.4473261893668789	4	04	9286	0.24035823368017808	48	GSM5518621_rGBM-04-3	2210	0.057203499508205205	75
3	leiden_scvi_HVG8000_r0_6	35355	DS3_GSE182109	26396	0.7465987837646726	4	rGBM	20726	0.5862254278037052	4	01	16621	0.47011738085136473	49	GSM5518597_rGBM-01-B	7682	0.21728185546598783	79
4	leiden_scvi_HVG8000_r0_6	32896	DS4_GSE278450	15351	0.46665248054474706	4	GBM	19953	0.6065479085603113	4	01	4992	0.1517509727626459	48	GSM8546833_BT356	4917	0.14947106031128404	75
5	leiden_scvi_HVG8000_r0_6	23977	DS3_GSE182109	23187	0.9670517579346875	4	rGBM	14796	0.6170913792384368	4	02	13327	0.5558243316511657	45	GSM5518615_rGBM-02-5	4666	0.19460316136297284	78
6	leiden_scvi_HVG8000_r0_6	22943	DS3_GSE182109	14534	0.6334829795580351	4	GBM	8409	0.3665170204419649	4	02	3608	0.15725929477400513	45	GSM5518636_ndGBM-07	2045	0.08913394063548795	77
7	leiden_scvi_HVG8000_r0_6	22525	DS3_GSE182109	8691	0.3858379578246393	4	GBM	13834	0.6141620421753607	4	04	2729	0.1211542730299667	50	GSM8546834_BT363	2722	0.12084350721420643	80
8	leiden_scvi_HVG8000_r0_6	14809	DS4_GSE278450	8274	0.5587142953609292	4	GBM	9045	0.6107772300627996	4	04	2658	0.17948544803835506	45	GSM8546845_BT396	1680	0.1134445269768384	72
9	leiden_scvi_HVG8000_r0_6	13864	DS3_GSE182109	13058	0.9418638199653779	4	ndGBM	11183	0.8066214656664743	4	10	9654	0.6963358338141951	49	GSM5518629_ndGBM-10	9654	0.6963358338141951	78
