analysis	gene_list	group	direction	n_genes	min_lfc	max_lfc	max_q
state_marker	state_marker__AC_like_reactive_malignant__up	AC_like_reactive_malignant	up	1201	0.50089145	2.9736788	0.049771835986445
state_marker	state_marker__AC_like_reactive_malignant__down	AC_like_reactive_malignant	down	853	-2.0034566	-0.5002382	0.0398735537573815
state_marker	state_marker__NPC_neuronal_like_malignant__up	NPC_neuronal_like_malignant	up	1489	0.50007534	4.6878963	0.0484077028777721
state_marker	state_marker__NPC_neuronal_like_malignant__down	NPC_neuronal_like_malignant	down	2261	-2.9934754	-0.5001037	0.049863797887171
state_marker	state_marker__OPC_NPC_like_malignant__up	OPC_NPC_like_malignant	up	268	0.50013864	1.7517333	0.0495728761540872
state_marker	state_marker__OPC_NPC_like_malignant__down	OPC_NPC_like_malignant	down	241	-1.3787675	-0.50064206	0.0480913825889986
state_marker	state_marker__cycling_malignant_candidate__up	cycling_malignant_candidate	up	894	0.50015306	4.10503	0.0452255762403355
state_marker	state_marker__cycling_malignant_candidate__down	cycling_malignant_candidate	down	406	-1.3417125	-0.50026655	0.0464902311342268
state_marker	state_marker__hypoxia_stress_malignant__up	hypoxia_stress_malignant	up	681	0.5003165	2.99115	0.0460971494505103
state_marker	state_marker__hypoxia_stress_malignant__down	hypoxia_stress_malignant	down	900	-1.8554919	-0.5000099	0.0488482599987915
condition_overall	condition_overall__GBM_vs_LGG__up	GBM_vs_LGG	up	4130	0.5000975977762315	8.421732953824177	0.0497312599701771
condition_overall	condition_overall__GBM_vs_LGG__down	GBM_vs_LGG	down	3325	-6.850249689128525	-0.5007579039366992	0.0499944384459627
condition_overall	condition_overall__GBM_vs_ndGBM__up	GBM_vs_ndGBM	up	1587	0.5001765170259445	5.317785743669956	0.049573773612175
condition_overall	condition_overall__GBM_vs_ndGBM__down	GBM_vs_ndGBM	down	1721	-4.425181182020744	-0.5001841315238202	0.0499506644795514
condition_overall	condition_overall__GBM_vs_rGBM__up	GBM_vs_rGBM	up	1682	0.5001083025859023	4.986837550162352	0.0499902921502477
condition_overall	condition_overall__GBM_vs_rGBM__down	GBM_vs_rGBM	down	2407	-3.515740227849337	-0.5000050278599684	0.0498270219880008
condition_overall	condition_overall__LGG_vs_ndGBM__up	LGG_vs_ndGBM	up	2501	0.5001629800403187	6.630877180973332	0.0498882762840307
condition_overall	condition_overall__LGG_vs_ndGBM__down	LGG_vs_ndGBM	down	3011	-9.619566911961147	-0.500700855238368	0.0499495751504058
condition_overall	condition_overall__LGG_vs_rGBM__up	LGG_vs_rGBM	up	2395	0.5005125818774676	7.651801732702703	0.0498778258653755
condition_overall	condition_overall__LGG_vs_rGBM__down	LGG_vs_rGBM	down	3575	-8.947913504274355	-0.5004622607582452	0.049902089264259
condition_overall	condition_overall__ndGBM_vs_rGBM__up	ndGBM_vs_rGBM	up	196	0.508762544505184	3.295547435845183	0.0498804546481939
condition_overall	condition_overall__ndGBM_vs_rGBM__down	ndGBM_vs_rGBM	down	474	-2.316878656527157	-0.5000449513415646	0.0496876384475053
within_state_condition	within_state_condition__AC_like_reactive_malignant__GBM_vs_ndGBM__up	AC_like_reactive_malignant__GBM_vs_ndGBM	up	50	0.6014756329527771	5.046976348791784	1.9492138511983754e-06
within_state_condition	within_state_condition__AC_like_reactive_malignant__GBM_vs_ndGBM__down	AC_like_reactive_malignant__GBM_vs_ndGBM	down	50	-3.846111434428491	-0.8917828948886708	1.607296221104471e-07
within_state_condition	within_state_condition__AC_like_reactive_malignant__GBM_vs_rGBM__up	AC_like_reactive_malignant__GBM_vs_rGBM	up	50	0.5759485646371738	4.8591652020988265	1.852356325981939e-06
within_state_condition	within_state_condition__AC_like_reactive_malignant__GBM_vs_rGBM__down	AC_like_reactive_malignant__GBM_vs_rGBM	down	50	-3.844655948944848	-0.909985216535981	2.6908190403343444e-08
within_state_condition	within_state_condition__AC_like_reactive_malignant__ndGBM_vs_rGBM__up	AC_like_reactive_malignant__ndGBM_vs_rGBM	up	50	0.6269766780290498	3.4664049540371726	0.0113731316526582
within_state_condition	within_state_condition__AC_like_reactive_malignant__ndGBM_vs_rGBM__down	AC_like_reactive_malignant__ndGBM_vs_rGBM	down	47	-1.5654409879983664	-0.5117620498072855	0.0088055308032939
within_state_condition	within_state_condition__NPC_neuronal_like_malignant__GBM_vs_LGG__up	NPC_neuronal_like_malignant__GBM_vs_LGG	up	50	0.9930157901434962	8.9466795291754	3.183551507034044e-07
within_state_condition	within_state_condition__NPC_neuronal_like_malignant__GBM_vs_LGG__down	NPC_neuronal_like_malignant__GBM_vs_LGG	down	50	-7.261149268402179	-1.31495988539156	6.718701823284315e-07
within_state_condition	within_state_condition__NPC_neuronal_like_malignant__GBM_vs_ndGBM__up	NPC_neuronal_like_malignant__GBM_vs_ndGBM	up	50	0.785105954787217	7.647420046758646	0.004544376006613
within_state_condition	within_state_condition__NPC_neuronal_like_malignant__GBM_vs_ndGBM__down	NPC_neuronal_like_malignant__GBM_vs_ndGBM	down	50	-7.545222822791668	-0.8149323003279756	0.000258508240552
within_state_condition	within_state_condition__NPC_neuronal_like_malignant__GBM_vs_rGBM__up	NPC_neuronal_like_malignant__GBM_vs_rGBM	up	50	0.6190064438241976	6.004073674960729	0.0017141766230523
within_state_condition	within_state_condition__NPC_neuronal_like_malignant__GBM_vs_rGBM__down	NPC_neuronal_like_malignant__GBM_vs_rGBM	down	50	-4.567149009893985	-0.662075771615954	0.0005273751970562
within_state_condition	within_state_condition__NPC_neuronal_like_malignant__LGG_vs_ndGBM__up	NPC_neuronal_like_malignant__LGG_vs_ndGBM	up	50	0.7846938060381357	5.560469199226693	0.0070866388253024
within_state_condition	within_state_condition__NPC_neuronal_like_malignant__LGG_vs_ndGBM__down	NPC_neuronal_like_malignant__LGG_vs_ndGBM	down	50	-10.630514220272698	-0.8656936840211191	0.0052457893978689
within_state_condition	within_state_condition__NPC_neuronal_like_malignant__LGG_vs_rGBM__up	NPC_neuronal_like_malignant__LGG_vs_rGBM	up	50	0.6749725351875062	7.610295325200837	0.0427904128028128
within_state_condition	within_state_condition__NPC_neuronal_like_malignant__LGG_vs_rGBM__down	NPC_neuronal_like_malignant__LGG_vs_rGBM	down	50	-10.724566068755015	-0.9606972316986512	0.0394442482351722
within_state_condition	within_state_condition__NPC_neuronal_like_malignant__ndGBM_vs_rGBM__up	NPC_neuronal_like_malignant__ndGBM_vs_rGBM	up	46	1.0353713274736585	6.834594951103208	0.046975813954115
within_state_condition	within_state_condition__NPC_neuronal_like_malignant__ndGBM_vs_rGBM__down	NPC_neuronal_like_malignant__ndGBM_vs_rGBM	down	30	-7.00263019166994	-0.5073887867197673	0.0497755608615345
within_state_condition	within_state_condition__OPC_NPC_like_malignant__GBM_vs_LGG__up	OPC_NPC_like_malignant__GBM_vs_LGG	up	50	0.9533228631277266	8.111455880397793	4.1120156627653137e-14
within_state_condition	within_state_condition__OPC_NPC_like_malignant__GBM_vs_LGG__down	OPC_NPC_like_malignant__GBM_vs_LGG	down	50	-6.852159629866013	-1.2480981556051385	9.751238875599993e-13
within_state_condition	within_state_condition__OPC_NPC_like_malignant__GBM_vs_ndGBM__up	OPC_NPC_like_malignant__GBM_vs_ndGBM	up	50	0.7196748794586885	4.914624637348864	1.0491873404940424e-07
within_state_condition	within_state_condition__OPC_NPC_like_malignant__GBM_vs_ndGBM__down	OPC_NPC_like_malignant__GBM_vs_ndGBM	down	50	-4.004098157998938	-0.7606216075559873	1.6602039217747928e-07
within_state_condition	within_state_condition__OPC_NPC_like_malignant__GBM_vs_rGBM__up	OPC_NPC_like_malignant__GBM_vs_rGBM	up	50	0.5519535458154134	5.462342547095661	4.5665382156784347e-07
within_state_condition	within_state_condition__OPC_NPC_like_malignant__GBM_vs_rGBM__down	OPC_NPC_like_malignant__GBM_vs_rGBM	down	50	-3.721591032396964	-0.840661891063549	1.3859630293228171e-09
within_state_condition	within_state_condition__OPC_NPC_like_malignant__LGG_vs_ndGBM__up	OPC_NPC_like_malignant__LGG_vs_ndGBM	up	50	1.050773989391395	7.137465012651152	2.6211702687123345e-06
within_state_condition	within_state_condition__OPC_NPC_like_malignant__LGG_vs_ndGBM__down	OPC_NPC_like_malignant__LGG_vs_ndGBM	down	50	-9.84291634495296	-1.052781035936848	2.1936866788306797e-08
within_state_condition	within_state_condition__OPC_NPC_like_malignant__LGG_vs_rGBM__up	OPC_NPC_like_malignant__LGG_vs_rGBM	up	50	0.7764904736685452	8.218533692968498	2.0439353654091765e-06
within_state_condition	within_state_condition__OPC_NPC_like_malignant__LGG_vs_rGBM__down	OPC_NPC_like_malignant__LGG_vs_rGBM	down	50	-7.902396453948834	-1.0110354926833036	2.530121010333866e-08
within_state_condition	within_state_condition__OPC_NPC_like_malignant__ndGBM_vs_rGBM__up	OPC_NPC_like_malignant__ndGBM_vs_rGBM	up	50	0.5524915536794861	3.9497324957855513	0.0130987858885697
within_state_condition	within_state_condition__OPC_NPC_like_malignant__ndGBM_vs_rGBM__down	OPC_NPC_like_malignant__ndGBM_vs_rGBM	down	44	-1.5303912522763066	-0.5148733767983451	0.0059792749369099
within_state_condition	within_state_condition__cycling_malignant_candidate__GBM_vs_LGG__up	cycling_malignant_candidate__GBM_vs_LGG	up	50	0.8901045984317912	7.743338823257962	4.908126082867214e-11
within_state_condition	within_state_condition__cycling_malignant_candidate__GBM_vs_LGG__down	cycling_malignant_candidate__GBM_vs_LGG	down	50	-7.093341561294235	-1.2925991925376703	3.504499538272244e-10
within_state_condition	within_state_condition__cycling_malignant_candidate__GBM_vs_ndGBM__up	cycling_malignant_candidate__GBM_vs_ndGBM	up	50	0.7542396432826681	4.8614507511132965	2.986114055417679e-07
within_state_condition	within_state_condition__cycling_malignant_candidate__GBM_vs_ndGBM__down	cycling_malignant_candidate__GBM_vs_ndGBM	down	50	-3.624547272609728	-0.7759813849774471	2.9446457710659384e-07
within_state_condition	within_state_condition__cycling_malignant_candidate__GBM_vs_rGBM__up	cycling_malignant_candidate__GBM_vs_rGBM	up	50	0.5823718604609116	5.05365968606406	1.1091573765116164e-06
within_state_condition	within_state_condition__cycling_malignant_candidate__GBM_vs_rGBM__down	cycling_malignant_candidate__GBM_vs_rGBM	down	50	-3.429652776399452	-0.9150257125168269	7.041672086243697e-10
within_state_condition	within_state_condition__cycling_malignant_candidate__LGG_vs_ndGBM__up	cycling_malignant_candidate__LGG_vs_ndGBM	up	50	0.7271470839502507	6.589750640153735	1.0946626948511872e-05
within_state_condition	within_state_condition__cycling_malignant_candidate__LGG_vs_ndGBM__down	cycling_malignant_candidate__LGG_vs_ndGBM	down	50	-9.70688980118717	-0.808976265017634	2.0713015691240866e-06
within_state_condition	within_state_condition__cycling_malignant_candidate__LGG_vs_rGBM__up	cycling_malignant_candidate__LGG_vs_rGBM	up	50	1.1685471924141329	8.177208917585935	1.990207134969717e-05
within_state_condition	within_state_condition__cycling_malignant_candidate__LGG_vs_rGBM__down	cycling_malignant_candidate__LGG_vs_rGBM	down	50	-8.859341975552168	-1.0263225708957506	3.159778655955563e-06
within_state_condition	within_state_condition__cycling_malignant_candidate__ndGBM_vs_rGBM__up	cycling_malignant_candidate__ndGBM_vs_rGBM	up	49	0.5193558331162729	3.528697203394498	0.0170919582691464
within_state_condition	within_state_condition__cycling_malignant_candidate__ndGBM_vs_rGBM__down	cycling_malignant_candidate__ndGBM_vs_rGBM	down	46	-1.663671780348944	-0.5168665771457315	0.0044172719203604
within_state_condition	within_state_condition__hypoxia_stress_malignant__GBM_vs_ndGBM__up	hypoxia_stress_malignant__GBM_vs_ndGBM	up	50	0.6434113166510729	4.920396014276034	7.0571123001672415e-06
within_state_condition	within_state_condition__hypoxia_stress_malignant__GBM_vs_ndGBM__down	hypoxia_stress_malignant__GBM_vs_ndGBM	down	50	-3.673175871041821	-0.9343708139092683	1.2502915148613449e-06
within_state_condition	within_state_condition__hypoxia_stress_malignant__GBM_vs_rGBM__up	hypoxia_stress_malignant__GBM_vs_rGBM	up	50	0.6034456611637626	5.292446964510015	1.0611932109147038e-05
within_state_condition	within_state_condition__hypoxia_stress_malignant__GBM_vs_rGBM__down	hypoxia_stress_malignant__GBM_vs_rGBM	down	50	-3.468383101851728	-1.0138095743891276	1.4694818250969288e-08
within_state_condition	within_state_condition__hypoxia_stress_malignant__ndGBM_vs_rGBM__up	hypoxia_stress_malignant__ndGBM_vs_rGBM	up	50	0.5762155365060684	4.0077550559472135	0.0143406586210399
within_state_condition	within_state_condition__hypoxia_stress_malignant__ndGBM_vs_rGBM__down	hypoxia_stress_malignant__ndGBM_vs_rGBM	down	49	-1.9768941507223177	-0.5247949779411059	0.0038282256118791
