strategy	cluster	n_cells	cnv_group_majority	cnv_group_majority_fraction	mean_cnv_abs_score	median_cnv_abs_score	q75_cnv_abs_score	q90_cnv_abs_score	reference_median	reference_q95	reference_q99	moderate_threshold	high_threshold	cnv_call	robust_effect_vs_reference_median	top_core_dataset	top_core_dataset_fraction	top_condition	top_condition_fraction	top_patient_id	top_patient_id_fraction	top_sample_id	top_sample_id_fraction	top_annotation_marker_based_HVG8000_r0_6	top_annotation_marker_based_HVG8000_r0_6_fraction	top_lineage_marker_based_HVG8000_r0_6	top_lineage_marker_based_HVG8000_r0_6_fraction	top_annotation_confidence_HVG8000_r0_6	top_annotation_confidence_HVG8000_r0_6_fraction
core_conservative	0	6387	query	1.0	0.0164901032695152	0.0163860613262977	0.0197102173817922	0.0229331477120681	0.0133177035748779	0.0204190510238111	0.0246933228049656	0.0215249407432841	0.0256285593274872	CNV_low_or_reference_like	0.7477198332982683	DS3_GSE182109	0.546892124628151	GBM	0.453107875371849	04	0.1849068420228589	GSM5518602_ndGBM-01-D	0.0692030687333646	putative_tumor_OPC_NPC_like	1.0	putative_tumor_like	1.0	moderate_high	1.0
core_conservative	11	5702	query	1.0	0.0179529059233389	0.0173462746139121	0.0208206186805146	0.0246409560557995	0.0133177035748779	0.0204190510238111	0.0246933228049656	0.0215249407432841	0.0256285593274872	CNV_low_or_reference_like	0.9817116222327802	DS4_GSE278450	0.3974044195019292	GBM	0.7151876534549281	GSM8546836_BT368	0.1555594528235706	GSM8546836_BT368	0.1555594528235706	putative_tumor_NPC_neuronal_like	1.0	putative_tumor_like	1.0	moderate	1.0
core_conservative	14	2640	reference	1.0	0.0136749039345678	0.0137921848208558	0.0166130150956299	0.0194167863974585	0.0133177035748779	0.0204190510238111	0.0246933228049656	0.0215249407432841	0.0256285593274872	CNV_low_or_reference_like	0.1156250564268748	DS3_GSE182109	0.6113636363636363	GBM	0.3886363636363636	02	0.2416666666666666	GSM5518634_ndGBM-05	0.1333333333333333	endothelial	1.0	vascular_endothelial	1.0	high	1.0
core_conservative	4	6432	query	1.0	0.0134205552534472	0.0123622723158085	0.0160548795742947	0.0199294308727808	0.0133177035748779	0.0204190510238111	0.0246933228049656	0.0215249407432841	0.0256285593274872	CNV_low_or_reference_like	-0.232826469282712	DS4_GSE278450	0.4769900497512437	GBM	0.6147388059701493	GSM8546833_BT356	0.158115671641791	GSM8546833_BT356	0.158115671641791	putative_tumor_hypoxia_stress	1.0	putative_tumor_like_stress	1.0	moderate_high	1.0
core_conservative	7	6479	query	1.0	0.016166134508209	0.0156027293782972	0.0190858184662698	0.0225682814838929	0.0133177035748779	0.0204190510238111	0.0246933228049656	0.0215249407432841	0.0256285593274872	CNV_low_or_reference_like	0.5568317814388871	DS3_GSE182109	0.392035807995061	GBM	0.607964192004939	04	0.1248649482944899	GSM8546834_BT363	0.1173020527859237	putative_tumor_AC_like_reactive	1.0	putative_tumor_like	1.0	moderate_high	1.0
core_conservative	8	5000	reference	1.0	0.0132453217555405	0.0131264771432602	0.0157382605205641	0.0182674988976044	0.0133177035748779	0.0204190510238111	0.0246933228049656	0.0215249407432841	0.0256285593274872	CNV_low_or_reference_like	-0.0465994538952298	DS4_GSE278450	0.5522	GBM	0.6042	04	0.1838	GSM8546845_BT396	0.1144	oligodendrocyte_myelinating	1.0	normal_brain_glial	1.0	high	1.0
core_plus_lymphoid	0	6387	query	1.0	0.01671410476368	0.0165153795835707	0.0199997209952936	0.023496547926538	0.0127043834706363	0.0205490980904725	0.0251314907552688	0.0212590288548113	0.0255363515468988	CNV_low_or_reference_like	0.8909767853165428	DS3_GSE182109	0.546892124628151	GBM	0.453107875371849	04	0.1849068420228589	GSM5518602_ndGBM-01-D	0.0692030687333646	putative_tumor_OPC_NPC_like	1.0	putative_tumor_like	1.0	moderate_high	1.0
core_plus_lymphoid	11	5702	query	1.0	0.0178583473508958	0.0172422620309647	0.0209080166771433	0.0248290603941767	0.0127043834706363	0.0205490980904725	0.0251314907552688	0.0212590288548113	0.0255363515468988	CNV_low_or_reference_like	1.060915396401468	DS4_GSE278450	0.3974044195019292	GBM	0.7151876534549281	GSM8546836_BT368	0.1555594528235706	GSM8546836_BT368	0.1555594528235706	putative_tumor_NPC_neuronal_like	1.0	putative_tumor_like	1.0	moderate	1.0
core_plus_lymphoid	14	2640	reference	1.0	0.014146828930207	0.014224634887081	0.017405505554108	0.0203615171884568	0.0127043834706363	0.0205490980904725	0.0251314907552688	0.0212590288548113	0.0255363515468988	CNV_low_or_reference_like	0.3554211759229309	DS3_GSE182109	0.6113636363636363	GBM	0.3886363636363636	02	0.2416666666666666	GSM5518634_ndGBM-05	0.1333333333333333	endothelial	1.0	vascular_endothelial	1.0	high	1.0
core_plus_lymphoid	15	1167	reference	1.0	0.0086922960591204	0.008887241808109	0.011715601225296	0.0145544459303183	0.0127043834706363	0.0205490980904725	0.0251314907552688	0.0212590288548113	0.0255363515468988	CNV_low_or_reference_like	-0.8924135598127619	DS3_GSE182109	0.9897172236503856	ndGBM	0.5304198800342759	02	0.3796058269065981	GSM5518636_ndGBM-07	0.3718937446443873	B_plasma_like	1.0	lymphoid_B_plasma	1.0	moderate_high	1.0
core_plus_lymphoid	4	6432	query	1.0	0.0132272346705834	0.0120736581783881	0.0158669761250376	0.0202626105279616	0.0127043834706363	0.0205490980904725	0.0251314907552688	0.0212590288548113	0.0255363515468988	CNV_low_or_reference_like	-0.1474579287545969	DS4_GSE278450	0.4769900497512437	GBM	0.6147388059701493	GSM8546833_BT356	0.158115671641791	GSM8546833_BT356	0.158115671641791	putative_tumor_hypoxia_stress	1.0	putative_tumor_like_stress	1.0	moderate_high	1.0
core_plus_lymphoid	5	5000	reference	1.0	0.0121080272486058	0.0117897217328932	0.0142454724194979	0.0169291823864411	0.0127043834706363	0.0205490980904725	0.0251314907552688	0.0212590288548113	0.0255363515468988	CNV_low_or_reference_like	-0.2138397286684548	DS3_GSE182109	0.9646	rGBM	0.6176	02	0.5568	GSM5518613_rGBM-02-3	0.1898	T_NK_cells	1.0	lymphoid	1.0	high	1.0
core_plus_lymphoid	7	6479	query	1.0	0.0166196519186249	0.0159502339681734	0.0196643312218648	0.0233505675695714	0.0127043834706363	0.0205490980904725	0.0251314907552688	0.0212590288548113	0.0255363515468988	CNV_low_or_reference_like	0.7588507981150803	DS3_GSE182109	0.392035807995061	GBM	0.607964192004939	04	0.1248649482944899	GSM8546834_BT363	0.1173020527859237	putative_tumor_AC_like_reactive	1.0	putative_tumor_like	1.0	moderate_high	1.0
core_plus_lymphoid	8	5000	reference	1.0	0.013916644667829	0.0137377992558888	0.0163962907784088	0.0189417827756353	0.0127043834706363	0.0205490980904725	0.0251314907552688	0.0212590288548113	0.0255363515468988	CNV_low_or_reference_like	0.2416033622061883	DS4_GSE278450	0.5556	GBM	0.6066	04	0.182	GSM8546845_BT396	0.1132	oligodendrocyte_myelinating	1.0	normal_brain_glial	1.0	high	1.0
extended_myeloid	0	6387	query	1.0	0.017501132908227	0.0170344296651431	0.0207514688533141	0.0244738016736674	0.0105484482802629	0.0245661535004908	0.0296465319325137	0.0245661535004908	0.0300942141643122	CNV_low_or_reference_like	0.9955067140141888	DS3_GSE182109	0.546892124628151	GBM	0.453107875371849	04	0.1849068420228589	GSM5518602_ndGBM-01-D	0.0692030687333646	putative_tumor_OPC_NPC_like	1.0	putative_tumor_like	1.0	moderate_high	1.0
extended_myeloid	1	4394	reference	1.0	0.0089967368746198	0.0083403073229599	0.0113059393807682	0.0144066348780926	0.0105484482802629	0.0245661535004908	0.0296465319325137	0.0245661535004908	0.0300942141643122	CNV_low_or_reference_like	-0.3389185102518469	DS3_GSE182109	0.6693218024578972	ndGBM	0.4253527537551206	01	0.1572598998634501	GSM5518603_ndGBM-01-F	0.0680473372781065	myeloid_C1Q_TREM2_APOE_TAM	1.0	myeloid	1.0	high	1.0
extended_myeloid	11	5702	query	1.0	0.0187876558484196	0.0182557018383359	0.0220652419410364	0.0260990477391356	0.0105484482802629	0.0245661535004908	0.0296465319325137	0.0245661535004908	0.0300942141643122	CNV_low_or_reference_like	1.182954777137884	DS4_GSE278450	0.3974044195019292	GBM	0.7151876534549281	GSM8546836_BT368	0.1555594528235706	GSM8546836_BT368	0.1555594528235706	putative_tumor_NPC_neuronal_like	1.0	putative_tumor_like	1.0	moderate	1.0
extended_myeloid	14	2303	reference	1.0	0.0180391136181644	0.0181738936187916	0.0215236382587249	0.024817064354264	0.0105484482802629	0.0245661535004908	0.0296465319325137	0.0245661535004908	0.0300942141643122	CNV_low_or_reference_like	1.17039836863389	DS3_GSE182109	0.6083369518019974	GBM	0.3916630481980026	02	0.2362136343899261	GSM5518634_ndGBM-05	0.1337386018237082	endothelial	1.0	vascular_endothelial	1.0	high	1.0
extended_myeloid	3	4434	reference	1.0	0.0081327900033264	0.0075160408804687	0.0102033381302914	0.01317112105653	0.0105484482802629	0.0245661535004908	0.0296465319325137	0.0245661535004908	0.0300942141643122	CNV_low_or_reference_like	-0.4654317900385359	DS3_GSE182109	0.7537212449255751	rGBM	0.5949481281010375	01	0.4733874605322508	GSM5518597_rGBM-01-B	0.2225981055480378	myeloid_inflammatory_MES_associated	1.0	myeloid	1.0	moderate	1.0
extended_myeloid	4	6432	query	1.0	0.0136763856890821	0.0124756027318292	0.0161871758815091	0.0206934595367023	0.0105484482802629	0.0245661535004908	0.0296465319325137	0.0245661535004908	0.0300942141643122	CNV_low_or_reference_like	0.2957910425011302	DS4_GSE278450	0.4769900497512437	GBM	0.6147388059701493	GSM8546833_BT356	0.158115671641791	GSM8546833_BT356	0.158115671641791	putative_tumor_hypoxia_stress	1.0	putative_tumor_like_stress	1.0	moderate_high	1.0
extended_myeloid	6	4432	reference	1.0	0.0094523435327734	0.0087054072142903	0.0113567502891198	0.0147452981335014	0.0105484482802629	0.0245661535004908	0.0296465319325137	0.0245661535004908	0.0300942141643122	CNV_low_or_reference_like	-0.2828808235029187	DS3_GSE182109	0.6432761732851986	GBM	0.3567238267148014	02	0.1552346570397112	GSM5518636_ndGBM-07	0.0895758122743682	myeloid_APC_HLA_CD163_TAM	1.0	myeloid	1.0	high	1.0
extended_myeloid	7	6479	query	1.0	0.0170351989101105	0.0162869696977599	0.0201447140457213	0.0240739270741037	0.0105484482802629	0.0245661535004908	0.0296465319325137	0.0245661535004908	0.0300942141643122	CNV_low_or_reference_like	0.8807821454667981	DS3_GSE182109	0.392035807995061	GBM	0.607964192004939	04	0.1248649482944899	GSM8546834_BT363	0.1173020527859237	putative_tumor_AC_like_reactive	1.0	putative_tumor_like	1.0	moderate_high	1.0
extended_myeloid	8	4437	reference	1.0	0.0196585999766467	0.0195763343436932	0.0228296576924016	0.0260038515533037	0.0105484482802629	0.0245661535004908	0.0296465319325137	0.0245661535004908	0.0300942141643122	CNV_low_or_reference_like	1.3856532506323185	DS4_GSE278450	0.552174892945684	GBM	0.6112237998647735	04	0.1848095560063105	GSM8546845_BT396	0.1144917737209826	oligodendrocyte_myelinating	1.0	normal_brain_glial	1.0	high	1.0
review_cycling	14	2640	reference	1.0	0.0136161657197284	0.0137347033038368	0.0165578345149623	0.0193161857982879	0.0133044162435222	0.0203891352647137	0.0246933228049656	0.0215050166520485	0.0256053168563117	CNV_low_or_reference_like	0.1049403541055232	DS3_GSE182109	0.6113636363636363	GBM	0.3886363636363636	2	0.2416666666666666	GSM5518634_ndGBM-05	0.1333333333333333	endothelial	1.0	vascular_endothelial	1.0	high	1.0
review_cycling	2	7000	query	1.0	0.0166117810161997	0.0166810242884798	0.0198501004050063	0.0228862685079888	0.0133044162435222	0.0203891352647137	0.0246933228049656	0.0215050166520485	0.0256053168563117	CNV_low_or_reference_like	0.8235024396370848	DS3_GSE182109	0.546	GBM	0.454	4	0.2334285714285714	GSM5518602_ndGBM-01-D	0.0538571428571428	cycling_proliferating_cells	1.0	cycling_ambiguous	1.0	moderate	1.0
review_cycling	8	5000	reference	1.0	0.0132453217555405	0.0131264771432602	0.0157382605205641	0.0182674988976044	0.0133044162435222	0.0203891352647137	0.0246933228049656	0.0215050166520485	0.0256053168563117	CNV_low_or_reference_like	-0.0433965924447017	DS4_GSE278450	0.5522	GBM	0.6042	4	0.1838	GSM8546845_BT396	0.1144	oligodendrocyte_myelinating	1.0	normal_brain_glial	1.0	high	1.0
review_ambiguous	12	4803	query	1.0	0.0149408612215598	0.0138805227908019	0.0176242020823589	0.021496023056636	0.0134037145798069	0.0205534732303175	0.0248047330245382	0.0216502110316946	0.0257734592576384	CNV_low_or_reference_like	0.1156389499802518	DS3_GSE182109	0.95315427857589	ndGBM	0.6366854049552363	6	0.3658130335207162	GSM5518635_ndGBM-06	0.3658130335207162	MES_ECM_stromal_like_ambiguous	1.0	mesenchymal_stromal_ambiguous	1.0	moderate_low	1.0
review_ambiguous	14	2640	reference	1.0	0.0138986841043081	0.0139626243178109	0.0168516690314908	0.0196140056841584	0.0134037145798069	0.0205534732303175	0.0248047330245382	0.0216502110316946	0.0257734592576384	CNV_low_or_reference_like	0.1355508016559466	DS3_GSE182109	0.6113636363636363	GBM	0.3886363636363636	2	0.2416666666666666	GSM5518634_ndGBM-05	0.1333333333333333	endothelial	1.0	vascular_endothelial	1.0	high	1.0
review_ambiguous	8	5000	reference	1.0	0.0132453217555405	0.0131264771432602	0.0157382605205641	0.0182674988976044	0.0134037145798069	0.0205534732303175	0.0248047330245382	0.0216502110316946	0.0257734592576384	CNV_low_or_reference_like	-0.0672376131916271	DS4_GSE278450	0.5522	GBM	0.6042	4	0.1838	GSM8546845_BT396	0.1144	oligodendrocyte_myelinating	1.0	normal_brain_glial	1.0	high	1.0
review_ambiguous	9	7000	query	1.0	0.013257887557783	0.0134011113617652	0.0151134605095578	0.0167415833451883	0.0134037145798069	0.0205534732303175	0.0248047330245382	0.0216502110316946	0.0257734592576384	CNV_low_or_reference_like	-0.0006313511260412	DS3_GSE182109	0.9437142857142856	ndGBM	0.8057142857142857	10	0.699	GSM5518629_ndGBM-10	0.699	ambiguous_mixed_Hb_T_NK_HLA	1.0	ambiguous_mixed_or_doublet	1.0	low	1.0
