strategy	cnv_leiden	n_cells	mean_cnv_abs_score	median_cnv_abs_score	q90_cnv_abs_score	top_cnv_group	top_cnv_group_fraction	top_leiden_scvi_main	top_leiden_scvi_main_fraction	top_core_dataset	top_core_dataset_fraction	top_condition	top_condition_fraction	top_patient_id	top_patient_id_fraction	top_sample_id	top_sample_id_fraction
core_conservative	0	4799	0.012876260400497377	0.012834397306366747	0.017928240579766424	reference	0.928110022921442	8	0.9254011252344239	DS4_GSE278450	0.5474057095228173	GBM	0.5828297561992082	04	0.16670139612419255	GSM8546845_BT396	0.11898312148364243
core_conservative	1	4071	0.014596175238448516	0.014374496358553411	0.020322952277769587	query	0.941783345615328	4	0.29452223041021863	DS4_GSE278450	0.4001473839351511	GBM	0.8572832227953819	GSM8546838_BT373	0.1977401129943503	GSM8546838_BT373	0.1977401129943503
core_conservative	2	3989	0.013945151863024054	0.013973432700893256	0.019638048713403307	reference	0.6723489596390073	14	0.6267234895963901	DS3_GSE182109	0.4580095261970419	GBM	0.5419904738029582	02	0.17748809225369766	PW032-706	0.11205815993983455
core_conservative	3	3154	0.012517135467848738	0.012037673160638262	0.01728891522740703	query	0.9920735573874445	4	0.5586556753329106	DS4_GSE278450	0.810716550412175	GBM	0.8256182625237793	GSM8546833_BT356	0.424857324032974	GSM8546833_BT356	0.424857324032974
core_conservative	4	2586	0.011267003194136435	0.010778638248537094	0.015634937589270773	query	0.9864655839133797	0	0.38979118329466356	DS3_GSE182109	0.94276875483372	ndGBM	0.9338747099767981	01	0.9242072699149265	GSM5518601_ndGBM-01-C	0.440061871616396
core_conservative	5	1858	0.017010577357119343	0.016567477066498183	0.02254933992769143	query	0.9989235737351991	11	0.7841765339074274	DS4_GSE278450	0.5651237890204521	GBM	0.9908503767491926	PJ048	0.4133476856835307	PJ048	0.4133476856835307
core_conservative	6	1628	0.014752933010214672	0.014247425754675584	0.01978234170958098	query	0.9895577395577395	7	0.47235872235872234	DS4_GSE278450	0.9551597051597052	GBM	0.9889434889434889	GSM8546834_BT363	0.9281326781326781	GSM8546834_BT363	0.9281326781326781
core_conservative	7	1499	0.017353313918131195	0.017191712529905024	0.021795580473869567	query	0.933288859239493	0	0.44362908605737156	DS3_GSE182109	0.9919946631087392	rGBM	0.9906604402935291	04	0.9893262174783188	GSM5518621_rGBM-04-3	0.2921947965310207
core_conservative	8	1499	0.018038911882592688	0.017738318767822555	0.023723541368880482	query	0.9853235490326885	7	0.5103402268178786	DS1_GSE103224	0.4989993328885924	GBM	0.9926617745163442	PJ025	0.49099399599733157	PJ025	0.49099399599733157
core_conservative	9	1176	0.015242988347307026	0.01502840009964066	0.019832163671852653	query	0.9931972789115646	4	0.3324829931972789	DS3_GSE182109	0.9846938775510204	ndGBM	0.9812925170068028	02	0.9719387755102041	GSM5518608_ndGBM-02-1	0.4302721088435374
core_conservative	10	1017	0.021689443699426957	0.02070271742957709	0.030710160487151184	query	0.9980334316617503	11	0.8672566371681416	DS4_GSE278450	0.9931170108161259	GBM	0.9970501474926253	GSM8546836_BT368	0.9931170108161259	GSM8546836_BT368	0.9931170108161259
core_conservative	11	960	0.020558516435263022	0.019646102501222347	0.02875329341039437	query	0.98125	7	0.43020833333333336	DS3_GSE182109	0.9583333333333334	ndGBM	0.8375	03	0.340625	GSM5518634_ndGBM-05	0.32395833333333335
core_conservative	12	870	0.01921524641997714	0.01819698244005415	0.026565439102652584	query	0.9988505747126437	11	0.6505747126436782	DS3_GSE182109	0.9954022988505747	ndGBM	0.9954022988505747	08	0.7528735632183908	GSM5518637_ndGBM-08	0.7528735632183908
core_conservative	13	644	0.01886271645891831	0.01874051121962369	0.02318738760491284	query	0.9891304347826086	11	0.5512422360248447	DS2_GSE141383	0.9627329192546584	GBM	0.9829192546583851	PJ053	0.9472049689440993	PJ053	0.9472049689440993
core_conservative	14	577	0.019806174795189785	0.019383725305077884	0.026405409528866462	query	0.9948006932409013	0	0.37608318890814557	DS3_GSE182109	0.9896013864818024	rGBM	0.9774696707105719	03	0.9774696707105719	GSM5518616_rGBM-03-1	0.5181975736568457
core_conservative	15	566	0.01928133971661466	0.018780643899961494	0.024627328841511295	query	1.0	7	0.8162544169611308	DS1_GSE103224	0.991166077738516	GBM	0.9982332155477032	PJ016	0.9876325088339223	PJ016	0.9876325088339223
core_conservative	16	549	0.02075331396575507	0.01978649060915016	0.027244594341047423	query	0.9963570127504554	4	0.41712204007285975	DS3_GSE182109	0.994535519125683	rGBM	0.9927140255009107	05	0.9927140255009107	GSM5518627_rGBM-05-2	0.5391621129326047
core_conservative	17	548	0.021945093784459774	0.021325700255478582	0.028033134969239235	query	0.958029197080292	0	0.572992700729927	DS3_GSE182109	0.9981751824817519	LGG	0.9981751824817519	04	0.9981751824817519	GSM5518630_LGG-04-1	0.5018248175182481
core_conservative	18	377	0.01915941227525493	0.01890054215219462	0.023669787037795993	query	1.0	0	0.5464190981432361	DS4_GSE278450	0.9389920424403183	GBM	0.9761273209549072	GSM8546847_BT400	0.9124668435013262	GSM8546847_BT400	0.9124668435013262
core_conservative	19	165	0.019464339370078746	0.019736805174195904	0.024275285868621415	query	1.0	11	0.49696969696969695	DS3_GSE182109	1.0	rGBM	1.0	02	1.0	GSM5518613_rGBM-02-3	0.9696969696969697
core_conservative	20	108	0.02005243757253516	0.020175923205803883	0.02388307515788818	query	0.9814814814814815	11	0.4722222222222222	DS4_GSE278450	0.9907407407407407	GBM	1.0	GSM8546845_BT396	0.9907407407407407	GSM8546845_BT396	0.9907407407407407
