condition	biological_axis	n_interactions	n_unique_source_target	n_unique_lr	min_rank	median_rank
GBM	mural_pericyte_fibroblast_to_mural_pericyte_fibroblast	24	1	24	1.8275769411165346e-06	0.0191562051746563
GBM	malignant_hypoxia_stress_to_malignant_hypoxia_stress	23	1	23	0.00017505627498306723	0.023661568915965256
GBM	mural_pericyte_fibroblast_to_malignant_AC_reactive	22	1	22	1.2348480295168137e-05	0.014321720816303538
GBM	mural_pericyte_fibroblast_to_endothelial	21	1	21	2.366688849149e-05	0.010916756268287803
GBM	mural_pericyte_fibroblast_to_malignant_hypoxia_stress	20	1	20	1.6438306777186246e-05	0.013700666064880915
GBM	malignant_AC_reactive_to_malignant_OPC_NPC	16	1	16	1.4320451726014879e-05	0.013598978264905954
GBM	malignant_AC_reactive_to_malignant_hypoxia_stress	16	1	16	0.00016799414177256006	0.009470372584696369
GBM	malignant_hypoxia_stress_to_malignant_AC_reactive	16	1	16	0.00042044133242562644	0.02363994915371268
GBM	malignant_AC_reactive_to_malignant_cycling	14	1	14	4.563449279677138e-05	0.015504593243366204
GBM	malignant_OPC_NPC_to_malignant_AC_reactive	14	1	14	3.220745325146535e-05	0.01341046634665817
GBM	malignant_OPC_NPC_to_malignant_OPC_NPC	14	1	14	1.1697195506351152e-06	0.009086834460807113
GBM	mural_pericyte_fibroblast_to_malignant_cycling	14	1	14	5.919925545726781e-06	0.02521678236913743
GBM	malignant_AC_reactive_to_malignant_AC_reactive	13	1	13	0.00018226332933128604	0.010971993870579207
GBM	malignant_OPC_NPC_to_malignant_cycling	13	1	13	7.308110629449486e-06	0.011194298609058559
GBM	malignant_cycling_to_malignant_AC_reactive	13	1	13	5.3221670843888046e-05	0.021084487765118242
GBM	malignant_cycling_to_malignant_OPC_NPC	13	1	13	3.5816201661251434e-06	0.010806691200710237
GBM	malignant_cycling_to_malignant_hypoxia_stress	13	1	13	0.0008318255262051866	0.01745372664418233
GBM	mural_pericyte_fibroblast_to_malignant_OPC_NPC	13	1	13	6.58006795662552e-07	0.013171446721965224
GBM	malignant_AC_reactive_to_endothelial	12	1	12	0.0008949639576108796	0.018951281397902493
GBM	malignant_OPC_NPC_to_malignant_hypoxia_stress	12	1	12	0.0004892700156834462	0.015077951016478665
GBM	malignant_cycling_to_malignant_cycling	12	1	12	1.8702013612619524e-05	0.011857869115118103
GBM	malignant_hypoxia_stress_to_malignant_OPC_NPC	12	1	12	0.0002800454223929631	0.016623491302647557
GBM	mural_pericyte_fibroblast_to_oligodendrocyte_reference	12	1	12	7.312065472479462e-08	0.0033084080846534224
GBM	oligodendrocyte_reference_to_malignant_AC_reactive	12	1	12	0.0001053514555162594	0.019409671741362464
GBM	endothelial_to_mural_pericyte_fibroblast	11	1	11	0.001361184965717283	0.026891035799765116
GBM	malignant_AC_reactive_to_mural_pericyte_fibroblast	11	1	11	0.0006981571737864021	0.015829015974696627
GBM	malignant_hypoxia_stress_to_malignant_NPC_neuronal	11	1	11	0.014578807855384748	0.03280576741410528
GBM	malignant_hypoxia_stress_to_malignant_cycling	11	1	11	0.0010804138799971794	0.013475382119779014
GBM	malignant_AC_reactive_to_oligodendrocyte_reference	10	1	10	0.002947575095248484	0.02673157257081611
GBM	malignant_OPC_NPC_to_malignant_NPC_neuronal	10	1	10	0.0002623010365976452	0.016805171571487573
GBM	malignant_cycling_to_endothelial	10	1	10	0.0047552454868397785	0.01799458277346286
GBM	oligodendrocyte_reference_to_malignant_OPC_NPC	10	1	10	0.0014010477494994312	0.014353176329453043
GBM	endothelial_to_malignant_AC_reactive	9	1	9	0.0006840230816205133	0.01893828620648131
GBM	endothelial_to_malignant_hypoxia_stress	9	1	9	0.00043155227898766964	0.02310296108325599
GBM	endothelial_to_oligodendrocyte_reference	9	1	9	0.0005133658757738793	0.024798023648056486
GBM	malignant_AC_reactive_to_malignant_NPC_neuronal	9	1	9	0.0024748821208326324	0.01609445916507864
GBM	malignant_OPC_NPC_to_endothelial	9	1	9	0.0010109732779738302	0.01459742755863363
GBM	malignant_OPC_NPC_to_mural_pericyte_fibroblast	9	1	9	0.0008163993847575273	0.01710890826741307
GBM	malignant_hypoxia_stress_to_oligodendrocyte_reference	9	1	9	0.00042044133242562644	0.024715999907229072
GBM	oligodendrocyte_reference_to_endothelial	9	1	9	0.002043045496431164	0.016767419681623513
GBM	endothelial_to_malignant_OPC_NPC	8	1	8	0.002528375109685502	0.019493545927803495
GBM	endothelial_to_malignant_cycling	8	1	8	0.002241165203487827	0.03258247451475849
GBM	malignant_NPC_neuronal_to_malignant_OPC_NPC	8	1	8	0.0005380378766635181	0.01653382455888161
GBM	malignant_cycling_to_mural_pericyte_fibroblast	8	1	8	0.0006840230816205133	0.020490805406744
GBM	malignant_hypoxia_stress_to_mural_pericyte_fibroblast	8	1	8	6.139099162115369e-05	0.028164976767749247
GBM	mural_pericyte_fibroblast_to_malignant_NPC_neuronal	8	1	8	0.00022854844952161117	0.0061939561698462564
GBM	oligodendrocyte_reference_to_malignant_cycling	8	1	8	0.0018771359163094934	0.01442664749775236
GBM	oligodendrocyte_reference_to_malignant_hypoxia_stress	8	1	8	5.7233575396173944e-05	0.019421724509193272
GBM	oligodendrocyte_reference_to_mural_pericyte_fibroblast	8	1	8	0.00394773177940744	0.01292646091234416
GBM	endothelial_to_endothelial	7	1	7	3.534573767338309e-05	0.017662215371064646
GBM	malignant_NPC_neuronal_to_malignant_AC_reactive	7	1	7	0.008868834493454438	0.03141219461616806
GBM	malignant_OPC_NPC_to_oligodendrocyte_reference	7	1	7	0.0009771116173936758	0.025960078924028844
GBM	malignant_hypoxia_stress_to_endothelial	7	1	7	0.0006022371447866143	0.011816834691212457
GBM	oligodendrocyte_reference_to_oligodendrocyte_reference	7	1	7	0.0033984836265338117	0.0156313398105505
GBM	malignant_NPC_neuronal_to_malignant_cycling	6	1	6	0.00255533359770623	0.017531686004512013
GBM	malignant_cycling_to_malignant_NPC_neuronal	6	1	6	0.000656186003223075	0.011785732131920225
GBM	malignant_NPC_neuronal_to_malignant_NPC_neuronal	5	1	5	0.012152294433066504	0.022657698838201182
GBM	malignant_NPC_neuronal_to_malignant_hypoxia_stress	5	1	5	0.00648531559182753	0.0315276306939197
GBM	endothelial_to_malignant_NPC_neuronal	3	1	3	0.006377508626862059	0.010642614749207736
GBM	malignant_cycling_to_oligodendrocyte_reference	3	1	3	0.0025824328181819687	0.004082855145652148
GBM	oligodendrocyte_reference_to_malignant_NPC_neuronal	3	1	3	0.0074809842182781364	0.02116047481381612
GBM	malignant_NPC_neuronal_to_oligodendrocyte_reference	2	1	2	0.032993758996772427	0.03823227785504272
GBM	malignant_NPC_neuronal_to_endothelial	1	1	1	0.0027479971878472467	0.0027479971878472467
GBM	malignant_NPC_neuronal_to_mural_pericyte_fibroblast	1	1	1	0.017942065444855493	0.017942065444855493
LGG	malignant_cycling_to_malignant_cycling	32	1	32	5.96715219588737e-06	0.008950286752765442
LGG	malignant_AC_reactive_to_malignant_OPC_NPC	28	1	28	3.246429524322534e-05	0.016537654654524028
LGG	malignant_AC_reactive_to_malignant_cycling	25	1	25	0.00044633258093182285	0.011967796107581707
LGG	malignant_AC_reactive_to_oligodendrocyte_reference	25	1	25	0.0006204064955366358	0.021943854083394106
LGG	malignant_AC_reactive_to_endothelial	23	1	23	0.00023865555821982485	0.027607188009246032
LGG	malignant_cycling_to_oligodendrocyte_reference	21	1	21	0.0026579761264968822	0.01901438786203832
LGG	oligodendrocyte_reference_to_endothelial	21	1	21	0.0015151422850201274	0.019672433048291717
LGG	malignant_AC_reactive_to_malignant_AC_reactive	20	1	20	1.656941935338745e-05	0.01234925735743584
LGG	oligodendrocyte_reference_to_malignant_OPC_NPC	20	1	20	2.6525479156539173e-06	0.018690776587373586
LGG	oligodendrocyte_reference_to_oligodendrocyte_reference	20	1	20	0.0014121803843517421	0.015039617607272716
LGG	malignant_OPC_NPC_to_malignant_cycling	19	1	19	4.599837286869594e-05	0.008950360126561327
LGG	malignant_OPC_NPC_to_oligodendrocyte_reference	19	1	19	0.0037134062877933055	0.02031595871718913
LGG	malignant_cycling_to_malignant_AC_reactive	19	1	19	0.0004931644851356643	0.015098960761978567
LGG	malignant_cycling_to_malignant_OPC_NPC	19	1	19	2.947986661446022e-07	0.005600950040883983
LGG	endothelial_to_malignant_AC_reactive	18	1	18	0.001643434200045966	0.011540105135736136
LGG	malignant_OPC_NPC_to_malignant_OPC_NPC	18	1	18	1.1790523614791254e-06	0.007448193106441124
LGG	oligodendrocyte_reference_to_malignant_cycling	18	1	18	0.00010068176595754368	0.014751246652330203
LGG	malignant_AC_reactive_to_malignant_NPC_neuronal	17	1	17	0.000807489059508267	0.008888665352511389
LGG	malignant_OPC_NPC_to_malignant_AC_reactive	17	1	17	0.0006204064955366358	0.009090170323408597
LGG	oligodendrocyte_reference_to_malignant_AC_reactive	17	1	17	0.0007922295320676066	0.011226313427520666
LGG	endothelial_to_endothelial	16	1	16	0.0005174519200700432	0.012410999645629583
LGG	endothelial_to_oligodendrocyte_reference	16	1	16	0.0008699724265251516	0.017663168382932457
LGG	malignant_OPC_NPC_to_endothelial	15	1	15	0.0009020814326487647	0.020341284355956973
LGG	malignant_OPC_NPC_to_malignant_NPC_neuronal	15	1	15	0.0005052355700252804	0.0058840347849776166
LGG	malignant_cycling_to_endothelial	15	1	15	0.0011797363091215305	0.017477262117582316
LGG	malignant_cycling_to_malignant_NPC_neuronal	15	1	15	0.00019112608137502284	0.008394575458816214
LGG	endothelial_to_malignant_cycling	14	1	14	0.0006753637694808727	0.010249451633130284
LGG	malignant_NPC_neuronal_to_malignant_cycling	14	1	14	0.000359646664684284	0.010279976169884533
LGG	endothelial_to_malignant_OPC_NPC	13	1	13	0.00031979601216142097	0.006730567044909704
LGG	malignant_NPC_neuronal_to_malignant_OPC_NPC	13	1	13	2.1279927213034905e-05	0.021711327531524546
LGG	malignant_NPC_neuronal_to_oligodendrocyte_reference	13	1	13	0.0006614071363039924	0.016020147625267565
LGG	endothelial_to_malignant_NPC_neuronal	11	1	11	0.0005677686221087166	0.014648296433496917
LGG	malignant_NPC_neuronal_to_malignant_NPC_neuronal	11	1	11	0.0007326387363017648	0.0134585276101943
LGG	oligodendrocyte_reference_to_malignant_NPC_neuronal	11	1	11	0.0005807105197974469	0.00991823600035308
LGG	malignant_NPC_neuronal_to_malignant_AC_reactive	10	1	10	0.0005549717929332744	0.011097927204638178
LGG	malignant_NPC_neuronal_to_endothelial	7	1	7	0.0022334920546035987	0.009039587092979131
ndGBM	mural_pericyte_fibroblast_to_endothelial	67	1	67	4.133822135064318e-06	0.013175851586082516
ndGBM	mural_pericyte_fibroblast_to_mural_pericyte_fibroblast	64	1	64	5.814829055943859e-07	0.0164658515528227
ndGBM	mural_pericyte_fibroblast_to_malignant_AC_reactive	46	1	46	2.729199393921528e-06	0.013184708371066969
ndGBM	endothelial_to_endothelial	38	1	38	0.00012197704435892504	0.01679023606076753
ndGBM	endothelial_to_mural_pericyte_fibroblast	36	1	36	0.0002678565233585835	0.017791377411587747
ndGBM	endothelial_to_malignant_cycling	34	1	34	0.0004592016796124537	0.02262007341051467
ndGBM	endothelial_to_malignant_AC_reactive	33	1	33	0.0006749845492370406	0.022061530686728146
ndGBM	malignant_cycling_to_malignant_cycling	33	1	33	1.6150479955507107e-06	0.014336373687744108
ndGBM	malignant_cycling_to_malignant_AC_reactive	32	1	32	6.461652361420264e-08	0.0166880807492294
ndGBM	mural_pericyte_fibroblast_to_malignant_cycling	32	1	32	1.9541528380158413e-06	0.00990293176234368
ndGBM	malignant_hypoxia_stress_to_endothelial	30	1	30	9.311122435807572e-05	0.028567169677366153
ndGBM	malignant_cycling_to_mural_pericyte_fibroblast	29	1	29	3.873456965892812e-05	0.01965830375693334
ndGBM	mural_pericyte_fibroblast_to_malignant_hypoxia_stress	29	1	29	3.1651358979800405e-06	0.018002990900591834
ndGBM	mural_pericyte_fibroblast_to_oligodendrocyte_reference	28	1	28	4.666565727070322e-06	0.014189657812007993
ndGBM	mural_pericyte_fibroblast_to_malignant_OPC_NPC	26	1	26	1.033689158943887e-06	0.01005929040003285
ndGBM	malignant_AC_reactive_to_malignant_cycling	25	1	25	2.729199393921528e-06	0.016366368588069787
ndGBM	malignant_cycling_to_endothelial	25	1	25	0.00013935793635910234	0.02092307835839014
ndGBM	oligodendrocyte_reference_to_malignant_AC_reactive	25	1	25	2.9834395146587298e-05	0.012063019982268022
ndGBM	malignant_AC_reactive_to_malignant_AC_reactive	23	1	23	1.033689158943887e-06	0.007476727606264698
ndGBM	malignant_OPC_NPC_to_malignant_AC_reactive	23	1	23	2.584514928831976e-07	0.01028114349325987
ndGBM	malignant_hypoxia_stress_to_malignant_AC_reactive	23	1	23	5.82884079013014e-06	0.006761601098976662
ndGBM	oligodendrocyte_reference_to_endothelial	23	1	23	0.0004220329777669067	0.013924778162508571
ndGBM	malignant_cycling_to_malignant_OPC_NPC	22	1	22	1.6154587202726065e-08	0.014382780875280856
ndGBM	malignant_AC_reactive_to_endothelial	21	1	21	0.00020562534247630515	0.013375506303875954
ndGBM	malignant_AC_reactive_to_mural_pericyte_fibroblast	21	1	21	0.00012479369592942544	0.012254314202760744
ndGBM	endothelial_to_malignant_OPC_NPC	20	1	20	0.0003667800949707754	0.02184035090411102
ndGBM	malignant_AC_reactive_to_malignant_OPC_NPC	20	1	20	5.814829055943859e-07	0.01922542111661641
ndGBM	malignant_hypoxia_stress_to_malignant_cycling	20	1	20	7.814182015424183e-06	0.008292022501980346
ndGBM	malignant_OPC_NPC_to_malignant_cycling	19	1	19	1.9541528380158413e-06	0.011338903154232517
ndGBM	malignant_OPC_NPC_to_mural_pericyte_fibroblast	19	1	19	1.452721658020984e-05	0.018335091054430576
ndGBM	oligodendrocyte_reference_to_mural_pericyte_fibroblast	19	1	19	0.0027760969234771416	0.016229014311319116
ndGBM	endothelial_to_oligodendrocyte_reference	18	1	18	0.0020838741345939943	0.017386580358405266
ndGBM	malignant_AC_reactive_to_oligodendrocyte_reference	18	1	18	0.00022800261630155264	0.015520789115889227
ndGBM	malignant_OPC_NPC_to_malignant_OPC_NPC	18	1	18	1.4538304647315873e-07	0.010450073294553426
ndGBM	malignant_hypoxia_stress_to_mural_pericyte_fibroblast	18	1	18	1.0912787619565627e-05	0.014307729755112273
ndGBM	malignant_hypoxia_stress_to_malignant_OPC_NPC	17	1	17	5.231572858023711e-06	0.005774072107084336
ndGBM	oligodendrocyte_reference_to_malignant_cycling	17	1	17	6.60514420927511e-05	0.017282710986681656
ndGBM	malignant_OPC_NPC_to_endothelial	16	1	16	0.00017089023498659148	0.012718614473367855
ndGBM	malignant_hypoxia_stress_to_malignant_hypoxia_stress	16	1	16	7.67642627723779e-05	0.013304037175716349
ndGBM	oligodendrocyte_reference_to_malignant_OPC_NPC	16	1	16	2.8463689280881926e-05	0.013459522359316902
ndGBM	malignant_AC_reactive_to_malignant_hypoxia_stress	15	1	15	1.8657295717022112e-05	0.008824459155370518
ndGBM	malignant_NPC_neuronal_to_malignant_AC_reactive	15	1	15	3.56391106300174e-05	0.012808942122026493
ndGBM	malignant_cycling_to_oligodendrocyte_reference	15	1	15	0.00016759281551857047	0.01731514226024155
ndGBM	oligodendrocyte_reference_to_malignant_hypoxia_stress	15	1	15	0.00229568551091074	0.020249013616211134
ndGBM	malignant_AC_reactive_to_malignant_NPC_neuronal	14	1	14	0.00014540803996149353	0.026023328395140495
ndGBM	malignant_OPC_NPC_to_oligodendrocyte_reference	14	1	14	0.00018785758964706966	0.02221272303950824
ndGBM	oligodendrocyte_reference_to_oligodendrocyte_reference	14	1	14	0.0011947350273869691	0.012198141563327092
ndGBM	malignant_NPC_neuronal_to_malignant_cycling	13	1	13	7.455744533801505e-05	0.0082949180720056
ndGBM	malignant_OPC_NPC_to_malignant_hypoxia_stress	13	1	13	1.3575260574125968e-05	0.009083378459173081
ndGBM	malignant_cycling_to_malignant_hypoxia_stress	13	1	13	1.0912787619565627e-05	0.008159414580743781
ndGBM	mural_pericyte_fibroblast_to_malignant_NPC_neuronal	13	1	13	4.703624808661451e-05	0.019042054037765228
ndGBM	endothelial_to_malignant_hypoxia_stress	12	1	12	0.0012925490392662036	0.023875631297972898
ndGBM	malignant_OPC_NPC_to_malignant_NPC_neuronal	12	1	12	0.00011919246468175643	0.02552443810177943
ndGBM	malignant_cycling_to_malignant_NPC_neuronal	12	1	12	9.311122435807572e-05	0.021855115345629627
ndGBM	malignant_hypoxia_stress_to_oligodendrocyte_reference	12	1	12	0.00017758111938497533	0.01050902099302788
ndGBM	malignant_NPC_neuronal_to_endothelial	10	1	10	0.00042724719005609045	0.019668392812707703
ndGBM	malignant_NPC_neuronal_to_malignant_OPC_NPC	10	1	10	3.123729336858327e-05	0.007589257353723042
ndGBM	malignant_NPC_neuronal_to_mural_pericyte_fibroblast	10	1	10	0.006179518734448018	0.015070605487965277
ndGBM	oligodendrocyte_reference_to_malignant_NPC_neuronal	10	1	10	0.010230837934197476	0.018107068045762505
ndGBM	malignant_NPC_neuronal_to_oligodendrocyte_reference	9	1	9	0.0033594350795706973	0.015822745004130116
ndGBM	endothelial_to_malignant_NPC_neuronal	8	1	8	0.006823283098602265	0.01882317226877499
ndGBM	malignant_hypoxia_stress_to_malignant_NPC_neuronal	7	1	7	0.0009866398733154212	0.008871263490629493
ndGBM	malignant_NPC_neuronal_to_malignant_NPC_neuronal	6	1	6	0.006497489506227222	0.018539752401593525
ndGBM	malignant_NPC_neuronal_to_malignant_hypoxia_stress	6	1	6	0.0025683240627525413	0.00874283923557571
rGBM	mural_pericyte_fibroblast_to_endothelial	73	1	73	2.2380195281753664e-05	0.01426883189807004
rGBM	endothelial_to_endothelial	65	1	65	9.95024531500941e-06	0.019128920147589618
rGBM	mural_pericyte_fibroblast_to_malignant_AC_reactive	53	1	53	1.0581620567222384e-05	0.01406329560264699
rGBM	malignant_AC_reactive_to_endothelial	44	1	44	2.4283000511626234e-05	0.016318467937623878
rGBM	mural_pericyte_fibroblast_to_mural_pericyte_fibroblast	43	1	43	0.00013276856467298704	0.02213250998901118
rGBM	malignant_AC_reactive_to_malignant_AC_reactive	39	1	39	1.5556804343916266e-07	0.016872801313379482
rGBM	malignant_cycling_to_endothelial	38	1	38	2.8321206120537676e-05	0.018189424164190393
rGBM	endothelial_to_malignant_hypoxia_stress	37	1	37	0.0006044114806253199	0.017420073101545218
rGBM	malignant_OPC_NPC_to_malignant_AC_reactive	35	1	35	3.500127300652175e-07	0.024434708847659064
rGBM	malignant_cycling_to_malignant_AC_reactive	35	1	35	2.430697300824591e-07	0.017804710929285338
rGBM	oligodendrocyte_reference_to_endothelial	35	1	35	0.00033864005625103657	0.015294502583470627
rGBM	endothelial_to_malignant_AC_reactive	34	1	34	0.00010493351978031621	0.010619535520128674
rGBM	mural_pericyte_fibroblast_to_malignant_cycling	33	1	33	1.880723111065365e-05	0.016947456926730668
rGBM	mural_pericyte_fibroblast_to_malignant_hypoxia_stress	33	1	33	0.00019000286028028217	0.00996740679109626
rGBM	malignant_OPC_NPC_to_endothelial	32	1	32	3.613409960526626e-05	0.01606057093708045
rGBM	mural_pericyte_fibroblast_to_malignant_OPC_NPC	32	1	32	6.5695803320599276e-06	0.013180167749302439
rGBM	endothelial_to_malignant_OPC_NPC	31	1	31	0.00010695882441866207	0.018035056477417554
rGBM	malignant_AC_reactive_to_malignant_OPC_NPC	31	1	31	9.723641958645037e-09	0.018787018106707833
rGBM	malignant_AC_reactive_to_malignant_hypoxia_stress	31	1	31	1.6428632224229055e-06	0.0134331213013037
rGBM	oligodendrocyte_reference_to_malignant_AC_reactive	30	1	30	3.887837194009505e-06	0.01168906339429183
rGBM	malignant_AC_reactive_to_mural_pericyte_fibroblast	29	1	29	0.0001467156715074188	0.01692255492692495
rGBM	malignant_hypoxia_stress_to_endothelial	29	1	29	0.0002298327086366212	0.015247131498772996
rGBM	mural_pericyte_fibroblast_to_oligodendrocyte_reference	29	1	29	5.141326410459368e-06	0.007154074879777892
rGBM	malignant_hypoxia_stress_to_malignant_AC_reactive	28	1	28	2.809147201858537e-06	0.011633719135018384
rGBM	malignant_OPC_NPC_to_malignant_hypoxia_stress	27	1	27	3.508850022610012e-06	0.019473803943080303
rGBM	endothelial_to_malignant_cycling	26	1	26	0.00016135723460911593	0.016846189340616474
rGBM	endothelial_to_mural_pericyte_fibroblast	26	1	26	0.000279972527274869	0.007880286315654236
rGBM	malignant_OPC_NPC_to_malignant_OPC_NPC	26	1	26	8.750893570894397e-08	0.010434631270657184
rGBM	malignant_cycling_to_mural_pericyte_fibroblast	26	1	26	0.00018195910674754503	0.013366006084189207
rGBM	oligodendrocyte_reference_to_oligodendrocyte_reference	26	1	26	0.0013561802634745957	0.01775478295441031
rGBM	endothelial_to_oligodendrocyte_reference	25	1	25	0.00013965531026274066	0.013859208337139585
rGBM	malignant_AC_reactive_to_malignant_cycling	25	1	25	4.763957649004677e-07	0.01808643920900753
rGBM	malignant_AC_reactive_to_oligodendrocyte_reference	25	1	25	3.2669470409032455e-05	0.016773506959954724
rGBM	malignant_OPC_NPC_to_mural_pericyte_fibroblast	25	1	25	0.00020099759602033965	0.02323067651426614
rGBM	malignant_cycling_to_malignant_OPC_NPC	25	1	25	3.889371550965032e-08	0.007039988240895858
rGBM	malignant_cycling_to_malignant_cycling	25	1	25	6.222176249611418e-07	0.01390443607526367
rGBM	oligodendrocyte_reference_to_malignant_OPC_NPC	25	1	25	1.176302777700006e-06	0.009890574740242266
rGBM	oligodendrocyte_reference_to_mural_pericyte_fibroblast	25	1	25	0.0014588806257007341	0.020444387649271714
rGBM	malignant_cycling_to_malignant_hypoxia_stress	24	1	24	2.1871482670835463e-06	0.011884499153454839
rGBM	oligodendrocyte_reference_to_malignant_cycling	24	1	24	7.084495607465519e-06	0.019798677488500577
rGBM	malignant_OPC_NPC_to_malignant_cycling	22	1	22	7.87476902645405e-07	0.007621240062793159
rGBM	malignant_hypoxia_stress_to_malignant_hypoxia_stress	21	1	21	0.0002637747302534806	0.019633985681340487
rGBM	malignant_hypoxia_stress_to_mural_pericyte_fibroblast	20	1	20	0.00040285893012364995	0.01944940326895278
rGBM	malignant_NPC_neuronal_to_endothelial	19	1	19	0.0017156493744163773	0.013079329141713582
rGBM	malignant_OPC_NPC_to_oligodendrocyte_reference	19	1	19	4.358629789160543e-05	0.016699223901264437
rGBM	malignant_hypoxia_stress_to_malignant_OPC_NPC	19	1	19	9.72172379720683e-07	0.006639878296019332
rGBM	malignant_hypoxia_stress_to_malignant_cycling	19	1	19	6.074079521765725e-06	0.012342780681230424
rGBM	oligodendrocyte_reference_to_malignant_hypoxia_stress	19	1	19	0.00029665103679545025	0.008881794964374176
rGBM	malignant_AC_reactive_to_malignant_NPC_neuronal	17	1	17	1.9052907121925416e-06	0.009286380310409617
rGBM	malignant_NPC_neuronal_to_malignant_AC_reactive	17	1	17	4.704076666421154e-06	0.01818941386726472
rGBM	malignant_NPC_neuronal_to_malignant_OPC_NPC	17	1	17	1.3998668180964036e-06	0.011751824398891067
rGBM	malignant_cycling_to_oligodendrocyte_reference	17	1	17	3.732771581567852e-05	0.011710153307808877
rGBM	malignant_OPC_NPC_to_malignant_NPC_neuronal	16	1	16	4.28624650144221e-06	0.013572563087471443
rGBM	malignant_hypoxia_stress_to_oligodendrocyte_reference	16	1	16	0.00014910773036466251	0.01183582197948756
rGBM	malignant_cycling_to_malignant_NPC_neuronal	13	1	13	3.149286265730699e-06	0.00941695801458283
rGBM	oligodendrocyte_reference_to_malignant_NPC_neuronal	13	1	13	0.00032788342379559525	0.016305741340460284
rGBM	malignant_NPC_neuronal_to_malignant_cycling	12	1	12	7.618824069495529e-06	0.008274445216277106
rGBM	malignant_NPC_neuronal_to_malignant_hypoxia_stress	12	1	12	0.0003350353188339044	0.01844179699943789
rGBM	malignant_NPC_neuronal_to_mural_pericyte_fibroblast	12	1	12	0.007535256370396684	0.027494616047322576
rGBM	endothelial_to_malignant_NPC_neuronal	11	1	11	0.003251696557897433	0.010005929469250656
rGBM	malignant_hypoxia_stress_to_malignant_NPC_neuronal	11	1	11	0.0002865862585310483	0.021048728853730173
rGBM	mural_pericyte_fibroblast_to_malignant_NPC_neuronal	11	1	11	0.0006737931562243915	0.00977587100671141
rGBM	malignant_NPC_neuronal_to_oligodendrocyte_reference	10	1	10	0.003022679494203337	0.011085784324100782
rGBM	malignant_NPC_neuronal_to_malignant_NPC_neuronal	9	1	9	0.00034226405350093475	0.008736859136710667
