source	target	source_broad_group	target_broad_group	communication_axis	biological_axis	n_prioritized_interactions	median_primary_rank	min_primary_rank
Mural_Pericyte_Fibroblast	Mural_Pericyte_Fibroblast	non_malignant_reference_like	non_malignant_reference_like	non_malignant_reference_like_to_non_malignant_reference_like	microenvironment_to_microenvironment	63	0.0138174299722916	1.4302842329951697e-07
Mural_Pericyte_Fibroblast	Endothelial	non_malignant_reference_like	non_malignant_reference_like	non_malignant_reference_like_to_non_malignant_reference_like	microenvironment_to_microenvironment	54	0.01778311651233675	5.146858887590823e-06
Mural_Pericyte_Fibroblast	Malignant_AC_like_reactive_malignant	non_malignant_reference_like	malignant_or_cycling	non_malignant_reference_like_to_malignant_or_cycling	microenvironment_to_malignant	44	0.01111224093091895	1.0169485861667188e-06
Mural_Pericyte_Fibroblast	Malignant_cycling_candidate	non_malignant_reference_like	malignant_or_cycling	non_malignant_reference_like_to_malignant_or_cycling	microenvironment_to_malignant	41	0.0142241364785887	1.5888929491825882e-06
Mural_Pericyte_Fibroblast	Malignant_hypoxia_stress_malignant	non_malignant_reference_like	malignant_or_cycling	non_malignant_reference_like_to_malignant_or_cycling	microenvironment_to_malignant	32	0.0154908316217528	1.9225066406726502e-06
Endothelial	Endothelial	non_malignant_reference_like	non_malignant_reference_like	non_malignant_reference_like_to_non_malignant_reference_like	microenvironment_to_microenvironment	30	0.0226517068815119	1.1577511751574356e-05
Malignant_cycling_candidate	Malignant_cycling_candidate	malignant_or_cycling	malignant_or_cycling	malignant_or_cycling_to_malignant_or_cycling	malignant_state_to_malignant_state	29	0.0120860991138857	7.786230596843376e-07
Mural_Pericyte_Fibroblast	Oligodendrocyte_myelinating	non_malignant_reference_like	non_malignant_reference_like	non_malignant_reference_like_to_non_malignant_reference_like	microenvironment_to_microenvironment	29	0.0218642200019883	7.786230596843376e-07
Mural_Pericyte_Fibroblast	B_Plasma	non_malignant_reference_like	non_malignant_reference_like	non_malignant_reference_like_to_non_malignant_reference_like	microenvironment_to_microenvironment	27	0.007378033850541	4.291309642970508e-05
Malignant_cycling_candidate	Mural_Pericyte_Fibroblast	malignant_or_cycling	non_malignant_reference_like	malignant_or_cycling_to_non_malignant_reference_like	malignant_to_microenvironment	27	0.0233872957657746	7.552211889676602e-05
Endothelial	Malignant_AC_like_reactive_malignant	non_malignant_reference_like	malignant_or_cycling	non_malignant_reference_like_to_malignant_or_cycling	microenvironment_to_malignant	27	0.0271461564760084	0.0003513761060242
Endothelial	Mural_Pericyte_Fibroblast	non_malignant_reference_like	non_malignant_reference_like	non_malignant_reference_like_to_non_malignant_reference_like	microenvironment_to_microenvironment	26	0.02103133264131015	0.0003102885245378
Mural_Pericyte_Fibroblast	Malignant_OPC_NPC_like_malignant	non_malignant_reference_like	malignant_or_cycling	non_malignant_reference_like_to_malignant_or_cycling	microenvironment_to_malignant	25	0.0087752877040148	2.542656430739225e-07
Malignant_cycling_candidate	Malignant_AC_like_reactive_malignant	malignant_or_cycling	malignant_or_cycling	malignant_or_cycling_to_malignant_or_cycling	malignant_state_to_malignant_state	23	0.0103407782013333	3.113881344350061e-06
Oligodendrocyte_myelinating	Malignant_AC_like_reactive_malignant	non_malignant_reference_like	malignant_or_cycling	non_malignant_reference_like_to_malignant_or_cycling	microenvironment_to_malignant	23	0.0167210544560803	0.000114556244995
Malignant_hypoxia_stress_malignant	Endothelial	malignant_or_cycling	non_malignant_reference_like	malignant_or_cycling_to_non_malignant_reference_like	malignant_to_microenvironment	23	0.0237384005684025	8.685173221020145e-05
Malignant_cycling_candidate	Malignant_OPC_NPC_like_malignant	malignant_or_cycling	malignant_or_cycling	malignant_or_cycling_to_malignant_or_cycling	malignant_state_to_malignant_state	22	0.01122388623501085	1.5892938467069037e-08
Malignant_hypoxia_stress_malignant	Malignant_AC_like_reactive_malignant	malignant_or_cycling	malignant_or_cycling	malignant_or_cycling_to_malignant_or_cycling	malignant_state_to_malignant_state	22	0.0129042263924312	5.337845901390271e-05
Malignant_AC_like_reactive_malignant	Endothelial	malignant_or_cycling	non_malignant_reference_like	malignant_or_cycling_to_non_malignant_reference_like	malignant_to_microenvironment	22	0.0226823469613832	0.0004898859672159
Malignant_AC_like_reactive_malignant	Malignant_AC_like_reactive_malignant	malignant_or_cycling	malignant_or_cycling	malignant_or_cycling_to_malignant_or_cycling	malignant_state_to_malignant_state	21	0.0085227868223115	5.146858887590823e-06
Malignant_OPC_NPC_like_malignant	Malignant_cycling_candidate	malignant_or_cycling	malignant_or_cycling	malignant_or_cycling_to_malignant_or_cycling	malignant_state_to_malignant_state	21	0.0098457321995806	1.5888929491825882e-06
Oligodendrocyte_myelinating	Mural_Pericyte_Fibroblast	non_malignant_reference_like	non_malignant_reference_like	non_malignant_reference_like_to_non_malignant_reference_like	microenvironment_to_microenvironment	21	0.0128536117285789	0.00177740939666
Oligodendrocyte_myelinating	Endothelial	non_malignant_reference_like	non_malignant_reference_like	non_malignant_reference_like_to_non_malignant_reference_like	microenvironment_to_microenvironment	21	0.0159081619000896	0.0008066306451504
Malignant_cycling_candidate	Endothelial	malignant_or_cycling	non_malignant_reference_like	malignant_or_cycling_to_non_malignant_reference_like	malignant_to_microenvironment	21	0.0165002685783191	0.0002243158807635
Endothelial	Malignant_cycling_candidate	non_malignant_reference_like	malignant_or_cycling	non_malignant_reference_like_to_malignant_or_cycling	microenvironment_to_malignant	21	0.0256866110216247	0.0007507041756316
Malignant_AC_like_reactive_malignant	Mural_Pericyte_Fibroblast	malignant_or_cycling	non_malignant_reference_like	malignant_or_cycling_to_non_malignant_reference_like	malignant_to_microenvironment	20	0.00880322704747955	0.0002280952956191
Malignant_OPC_NPC_like_malignant	Mural_Pericyte_Fibroblast	malignant_or_cycling	non_malignant_reference_like	malignant_or_cycling_to_non_malignant_reference_like	malignant_to_microenvironment	20	0.01894002444430125	6.910356119153166e-05
Malignant_OPC_NPC_like_malignant	Malignant_AC_like_reactive_malignant	malignant_or_cycling	malignant_or_cycling	malignant_or_cycling_to_malignant_or_cycling	malignant_state_to_malignant_state	19	0.0049407946141605	3.57450822013305e-06
Oligodendrocyte_myelinating	Malignant_OPC_NPC_like_malignant	non_malignant_reference_like	malignant_or_cycling	non_malignant_reference_like_to_malignant_or_cycling	microenvironment_to_malignant	19	0.0114979007430372	1.835524984568833e-05
Oligodendrocyte_myelinating	Oligodendrocyte_myelinating	non_malignant_reference_like	non_malignant_reference_like	non_malignant_reference_like_to_non_malignant_reference_like	microenvironment_to_microenvironment	19	0.0143707760653113	0.0013348954157904
Endothelial	Oligodendrocyte_myelinating	non_malignant_reference_like	non_malignant_reference_like	non_malignant_reference_like_to_non_malignant_reference_like	microenvironment_to_microenvironment	19	0.015448125514539	0.0005295247432905
Malignant_cycling_candidate	Malignant_hypoxia_stress_malignant	malignant_or_cycling	malignant_or_cycling	malignant_or_cycling_to_malignant_or_cycling	malignant_state_to_malignant_state	19	0.0191756317727336	2.8002939901208134e-05
Malignant_AC_like_reactive_malignant	Oligodendrocyte_myelinating	malignant_or_cycling	non_malignant_reference_like	malignant_or_cycling_to_non_malignant_reference_like	malignant_to_microenvironment	19	0.0220446820429038	0.0004843485124598
Malignant_AC_like_reactive_malignant	Malignant_cycling_candidate	malignant_or_cycling	malignant_or_cycling	malignant_or_cycling_to_malignant_or_cycling	malignant_state_to_malignant_state	18	0.0042047465855567	3.113881344350061e-06
Malignant_AC_like_reactive_malignant	Malignant_OPC_NPC_like_malignant	malignant_or_cycling	malignant_or_cycling	malignant_or_cycling_to_malignant_or_cycling	malignant_state_to_malignant_state	18	0.00455839252028005	1.0169485861667188e-06
Malignant_hypoxia_stress_malignant	Malignant_cycling_candidate	malignant_or_cycling	malignant_or_cycling	malignant_or_cycling_to_malignant_or_cycling	malignant_state_to_malignant_state	18	0.0074536403916062	1.7291891543099123e-05
Endothelial	Malignant_OPC_NPC_like_malignant	non_malignant_reference_like	malignant_or_cycling	non_malignant_reference_like_to_malignant_or_cycling	microenvironment_to_malignant	18	0.0253915642352198	0.0004571312030429
Oligodendrocyte_myelinating	Malignant_cycling_candidate	non_malignant_reference_like	malignant_or_cycling	non_malignant_reference_like_to_malignant_or_cycling	microenvironment_to_malignant	17	0.0111574770956757	9.648404793285424e-05
Malignant_hypoxia_stress_malignant	Mural_Pericyte_Fibroblast	malignant_or_cycling	non_malignant_reference_like	malignant_or_cycling_to_non_malignant_reference_like	malignant_to_microenvironment	17	0.0177402651948115	2.66860887045037e-05
Malignant_AC_like_reactive_malignant	Malignant_hypoxia_stress_malignant	malignant_or_cycling	malignant_or_cycling	malignant_or_cycling_to_malignant_or_cycling	malignant_state_to_malignant_state	17	0.0181084616179754	9.160472251376882e-05
Malignant_hypoxia_stress_malignant	Malignant_OPC_NPC_like_malignant	malignant_or_cycling	malignant_or_cycling	malignant_or_cycling_to_malignant_or_cycling	malignant_state_to_malignant_state	16	0.0064643368336081	7.687656007694502e-06
Malignant_OPC_NPC_like_malignant	Malignant_OPC_NPC_like_malignant	malignant_or_cycling	malignant_or_cycling	malignant_or_cycling_to_malignant_or_cycling	malignant_state_to_malignant_state	16	0.00662986539656545	6.356997283501098e-08
Malignant_OPC_NPC_like_malignant	Endothelial	malignant_or_cycling	non_malignant_reference_like	malignant_or_cycling_to_non_malignant_reference_like	malignant_to_microenvironment	16	0.01380301506899745	0.0002554323122887
Malignant_OPC_NPC_like_malignant	Malignant_hypoxia_stress_malignant	malignant_or_cycling	malignant_or_cycling	malignant_or_cycling_to_malignant_or_cycling	malignant_state_to_malignant_state	16	0.0166253604868258	3.810762488110222e-05
Endothelial	Malignant_hypoxia_stress_malignant	non_malignant_reference_like	malignant_or_cycling	non_malignant_reference_like_to_malignant_or_cycling	microenvironment_to_malignant	16	0.02455132337946855	0.0005647214049016
Oligodendrocyte_myelinating	Malignant_hypoxia_stress_malignant	non_malignant_reference_like	malignant_or_cycling	non_malignant_reference_like_to_malignant_or_cycling	microenvironment_to_malignant	15	0.0144591098488832	0.0002676199360721
Malignant_cycling_candidate	B_Plasma	malignant_or_cycling	non_malignant_reference_like	malignant_or_cycling_to_non_malignant_reference_like	malignant_to_microenvironment	15	0.0152659430842359	1.0736099965873653e-05
Malignant_cycling_candidate	Oligodendrocyte_myelinating	malignant_or_cycling	non_malignant_reference_like	malignant_or_cycling_to_non_malignant_reference_like	malignant_to_microenvironment	15	0.017038930117217	0.0002474644772709
Malignant_OPC_NPC_like_malignant	Oligodendrocyte_myelinating	malignant_or_cycling	non_malignant_reference_like	malignant_or_cycling_to_non_malignant_reference_like	malignant_to_microenvironment	15	0.0180427446820663	0.0001848195151446
Malignant_hypoxia_stress_malignant	B_Plasma	malignant_or_cycling	non_malignant_reference_like	malignant_or_cycling_to_non_malignant_reference_like	malignant_to_microenvironment	14	0.00767314922598435	0.0002023001230243
Malignant_hypoxia_stress_malignant	Malignant_hypoxia_stress_malignant	malignant_or_cycling	malignant_or_cycling	malignant_or_cycling_to_malignant_or_cycling	malignant_state_to_malignant_state	14	0.012011394453196149	0.0001584885800336
Mural_Pericyte_Fibroblast	Malignant_NPC_neuronal_like_malignant	non_malignant_reference_like	malignant_or_cycling	non_malignant_reference_like_to_malignant_or_cycling	microenvironment_to_malignant	14	0.0163414709996525	2.5400914791069742e-05
Malignant_NPC_neuronal_like_malignant	Malignant_cycling_candidate	malignant_or_cycling	malignant_or_cycling	malignant_or_cycling_to_malignant_or_cycling	malignant_state_to_malignant_state	12	0.018845203759277	5.5233419934913473e-05
Malignant_hypoxia_stress_malignant	Oligodendrocyte_myelinating	malignant_or_cycling	non_malignant_reference_like	malignant_or_cycling_to_non_malignant_reference_like	malignant_to_microenvironment	12	0.0190752519243264	4.976345564842122e-05
Malignant_cycling_candidate	Malignant_NPC_neuronal_like_malignant	malignant_or_cycling	malignant_or_cycling	malignant_or_cycling_to_malignant_or_cycling	malignant_state_to_malignant_state	12	0.0246572935660821	0.0002168513768436
Malignant_OPC_NPC_like_malignant	B_Plasma	malignant_or_cycling	non_malignant_reference_like	malignant_or_cycling_to_non_malignant_reference_like	malignant_to_microenvironment	11	0.0131054422684907	0.0001747090998936
Malignant_AC_like_reactive_malignant	B_Plasma	malignant_or_cycling	non_malignant_reference_like	malignant_or_cycling_to_non_malignant_reference_like	malignant_to_microenvironment	11	0.0154785898214784	5.711999968612943e-05
Malignant_NPC_neuronal_like_malignant	Malignant_OPC_NPC_like_malignant	malignant_or_cycling	malignant_or_cycling	malignant_or_cycling_to_malignant_or_cycling	malignant_state_to_malignant_state	10	0.012181456559225552	1.429202189419892e-05
Malignant_AC_like_reactive_malignant	Malignant_NPC_neuronal_like_malignant	malignant_or_cycling	malignant_or_cycling	malignant_or_cycling_to_malignant_or_cycling	malignant_state_to_malignant_state	10	0.014773881618066299	0.0004788424380126
Malignant_NPC_neuronal_like_malignant	Malignant_AC_like_reactive_malignant	malignant_or_cycling	malignant_or_cycling	malignant_or_cycling_to_malignant_or_cycling	malignant_state_to_malignant_state	10	0.01511820423535325	0.0003237017665364
Malignant_NPC_neuronal_like_malignant	Oligodendrocyte_myelinating	malignant_or_cycling	non_malignant_reference_like	malignant_or_cycling_to_non_malignant_reference_like	malignant_to_microenvironment	10	0.024866630907801446	0.0115507162376446
Malignant_OPC_NPC_like_malignant	Malignant_NPC_neuronal_like_malignant	malignant_or_cycling	malignant_or_cycling	malignant_or_cycling_to_malignant_or_cycling	malignant_state_to_malignant_state	9	0.0112355929037916	0.0002435277157493
Malignant_hypoxia_stress_malignant	Malignant_NPC_neuronal_like_malignant	malignant_or_cycling	malignant_or_cycling	malignant_or_cycling_to_malignant_or_cycling	malignant_state_to_malignant_state	9	0.0132181301751801	0.0064328606045999
Endothelial	B_Plasma	non_malignant_reference_like	non_malignant_reference_like	non_malignant_reference_like_to_non_malignant_reference_like	microenvironment_to_microenvironment	9	0.0152962326663008	2.173548671903767e-05
Malignant_NPC_neuronal_like_malignant	Endothelial	malignant_or_cycling	non_malignant_reference_like	malignant_or_cycling_to_non_malignant_reference_like	malignant_to_microenvironment	9	0.0307300838197202	0.0009707151024853
Oligodendrocyte_myelinating	B_Plasma	non_malignant_reference_like	non_malignant_reference_like	non_malignant_reference_like_to_non_malignant_reference_like	microenvironment_to_microenvironment	8	0.0019379648247265001	1.3355474155925931e-05
Oligodendrocyte_myelinating	Malignant_NPC_neuronal_like_malignant	non_malignant_reference_like	malignant_or_cycling	non_malignant_reference_like_to_malignant_or_cycling	microenvironment_to_malignant	8	0.020972711448110748	0.0049059705314264
Malignant_NPC_neuronal_like_malignant	Mural_Pericyte_Fibroblast	malignant_or_cycling	non_malignant_reference_like	malignant_or_cycling_to_non_malignant_reference_like	malignant_to_microenvironment	7	0.0152910030925663	0.0121394626725848
Endothelial	Malignant_NPC_neuronal_like_malignant	non_malignant_reference_like	malignant_or_cycling	non_malignant_reference_like_to_malignant_or_cycling	microenvironment_to_malignant	7	0.0196860269147108	0.0047336687570831
Malignant_NPC_neuronal_like_malignant	Malignant_hypoxia_stress_malignant	malignant_or_cycling	malignant_or_cycling	malignant_or_cycling_to_malignant_or_cycling	malignant_state_to_malignant_state	6	0.02084567015338135	0.0077869403094991
Malignant_NPC_neuronal_like_malignant	B_Plasma	malignant_or_cycling	non_malignant_reference_like	malignant_or_cycling_to_non_malignant_reference_like	malignant_to_microenvironment	5	0.0052416866880379	0.0002843102566904
B_Plasma	Malignant_cycling_candidate	non_malignant_reference_like	malignant_or_cycling	non_malignant_reference_like_to_malignant_or_cycling	microenvironment_to_malignant	5	0.0226347710058889	0.0079183112205599
B_Plasma	Endothelial	non_malignant_reference_like	non_malignant_reference_like	non_malignant_reference_like_to_non_malignant_reference_like	microenvironment_to_microenvironment	4	0.016074949529747598	0.0025773333811518
Malignant_NPC_neuronal_like_malignant	Malignant_NPC_neuronal_like_malignant	malignant_or_cycling	malignant_or_cycling	malignant_or_cycling_to_malignant_or_cycling	malignant_state_to_malignant_state	4	0.019804899396687	0.017038930117217
B_Plasma	Mural_Pericyte_Fibroblast	non_malignant_reference_like	non_malignant_reference_like	non_malignant_reference_like_to_non_malignant_reference_like	microenvironment_to_microenvironment	4	0.024888527943026102	0.0087984221847944
B_Plasma	Malignant_OPC_NPC_like_malignant	non_malignant_reference_like	malignant_or_cycling	non_malignant_reference_like_to_malignant_or_cycling	microenvironment_to_malignant	4	0.02571393866415215	0.0084772648110085
B_Plasma	Malignant_AC_like_reactive_malignant	non_malignant_reference_like	malignant_or_cycling	non_malignant_reference_like_to_malignant_or_cycling	microenvironment_to_malignant	4	0.036517343766260354	0.0077433888380443
B_Plasma	B_Plasma	non_malignant_reference_like	non_malignant_reference_like	non_malignant_reference_like_to_non_malignant_reference_like	microenvironment_to_microenvironment	3	0.0072722237571779	0.0032768198107196
B_Plasma	Oligodendrocyte_myelinating	non_malignant_reference_like	non_malignant_reference_like	non_malignant_reference_like_to_non_malignant_reference_like	microenvironment_to_microenvironment	3	0.0461326882091666	0.033546127354298
B_Plasma	Malignant_NPC_neuronal_like_malignant	non_malignant_reference_like	malignant_or_cycling	non_malignant_reference_like_to_malignant_or_cycling	microenvironment_to_malignant	2	0.0122086046585662	0.0042836045457345
B_Plasma	Malignant_hypoxia_stress_malignant	non_malignant_reference_like	malignant_or_cycling	non_malignant_reference_like_to_malignant_or_cycling	microenvironment_to_malignant	2	0.0299445960859126	0.0105674137465818
