candidate_axis	n_candidate_interaction_keys	max_n_conditions_detected	conditions_observed	representative_lr_pairs	dominant_biological_axes	interpretation_caution	suggested_thesis_interpretation
PTN_PTPRZ1_NCL_SDC3_axis	162	4	GBM;LGG;ndGBM;rGBM	PTN→NCL; PTN→PTPRZ1; PTN→SDC3; PTN→SDC4	malignant_cycling_to_malignant_hypoxia_stress; malignant_AC_reactive_to_malignant_hypoxia_stress; malignant_OPC_NPC_to_malignant_hypoxia_stress; malignant_cycling_to_malignant_AC_reactive; malignant_AC_reactive_to_malignant_OPC_NPC	standard	Candidate malignant-state communication axis linked to glioma-associated growth/progenitor signaling; prioritize as recurrent malignant/microenvironment communication candidate.
MDK_PTPRZ1_NCL_axis	110	4	GBM;LGG;ndGBM;rGBM	MDK→LRP1; MDK→NCL; MDK→PTPRZ1; MDK→SDC3	malignant_cycling_to_malignant_OPC_NPC; malignant_cycling_to_malignant_AC_reactive; malignant_OPC_NPC_to_malignant_OPC_NPC; malignant_cycling_to_malignant_cycling; mural_pericyte_fibroblast_to_malignant_OPC_NPC	standard	Candidate growth-factor-like communication axis, often related to malignant and stromal communication; interpret as putative signaling candidate.
TIMP1_CD63_axis	64	4	GBM;LGG;ndGBM;rGBM	TIMP1→CD63	endothelial_to_malignant_AC_reactive; endothelial_to_endothelial; mural_pericyte_fibroblast_to_mural_pericyte_fibroblast; mural_pericyte_fibroblast_to_malignant_OPC_NPC; mural_pericyte_fibroblast_to_malignant_cycling	standard	Candidate ECM/remodeling and stress-associated communication axis, prominent across multiple sender-target contexts.
HLA_A_APLP2_cautious_axis	57	4	GBM;LGG;ndGBM;rGBM	HLA-A→APLP2	endothelial_to_endothelial; endothelial_to_malignant_OPC_NPC; endothelial_to_malignant_cycling; endothelial_to_malignant_NPC_neuronal; endothelial_to_malignant_AC_reactive	high	Cautious candidate; HLA-related interactions may reflect broad expression/antigen-presentation signals and should not be overinterpreted.
LGALS1_ITGB1_axis	46	4	GBM;LGG;ndGBM;rGBM	LGALS1→ITGB1	endothelial_to_endothelial; mural_pericyte_fibroblast_to_mural_pericyte_fibroblast; mural_pericyte_fibroblast_to_endothelial; malignant_hypoxia_stress_to_mural_pericyte_fibroblast; malignant_hypoxia_stress_to_endothelial	standard	Candidate adhesion/ECM-associated communication axis connecting malignant and microenvironmental compartments.
MIF_EGFR_CD74_axis	45	4	GBM;LGG;ndGBM;rGBM	MIF→EGFR	oligodendrocyte_reference_to_malignant_AC_reactive; oligodendrocyte_reference_to_malignant_cycling; oligodendrocyte_reference_to_malignant_OPC_NPC; malignant_OPC_NPC_to_malignant_OPC_NPC; malignant_cycling_to_malignant_OPC_NPC	standard	Candidate inflammatory/growth signaling axis; interpret with caution because MIF can act through multiple receptor complexes.
VIM_CD44_axis	31	4	GBM;LGG;ndGBM;rGBM	VIM→CD44	malignant_AC_reactive_to_malignant_AC_reactive; endothelial_to_malignant_AC_reactive; mural_pericyte_fibroblast_to_malignant_AC_reactive; malignant_AC_reactive_to_malignant_hypoxia_stress; malignant_hypoxia_stress_to_malignant_hypoxia_stress	standard	Candidate mesenchymal/stress-associated communication axis, consistent with reactive/MES-like programs.
APP_CD74_axis	17	3	GBM;LGG;ndGBM;rGBM	APP→CD74	oligodendrocyte_reference_to_endothelial; oligodendrocyte_reference_to_oligodendrocyte_reference; endothelial_to_endothelial; endothelial_to_oligodendrocyte_reference; mural_pericyte_fibroblast_to_endothelial	standard	Candidate immune/inflammatory communication axis; interpret as prioritized LR signal rather than direct functional proof.
VEGFA_angiogenesis_axis	16	3	GBM;ndGBM;rGBM	VEGFA→ITGB1; VEGFA→NRP1	malignant_hypoxia_stress_to_mural_pericyte_fibroblast; malignant_hypoxia_stress_to_endothelial; malignant_hypoxia_stress_to_oligodendrocyte_reference; malignant_hypoxia_stress_to_malignant_hypoxia_stress; malignant_hypoxia_stress_to_malignant_OPC_NPC	standard	Candidate angiogenic communication axis, especially relevant when involving endothelial or mural/pericyte-like targets.
