ligand_complex	receptor_complex	lr_pair	n_source_target_pairs	n_sources	n_targets	median_primary_rank	min_primary_rank	candidate_axis
TIMP1	CD63	TIMP1→CD63	68	9	9	0.0006416994458087	1.4302842329951697e-07	TIMP1_CD63_axis
HLA-A	APLP2	HLA-A→APLP2	64	9	8	0.0078308500293021	0.0003608520063132	HLA_A_APLP2_cautious_axis
PTN	NCL	PTN→NCL	63	7	9	0.0044146493686402	1.2450638222301931e-05	PTN_PTPRZ1_NCL_SDC3_axis
PTN	PTPRZ1	PTN→PTPRZ1	49	8	8	0.0003237017665364	1.5892938467069037e-08	PTN_PTPRZ1_NCL_SDC3_axis
LGALS1	ITGB1	LGALS1→ITGB1	42	9	9	0.0098521978729739	4.0668824556351065e-06	LGALS1_ITGB1_axis
MIF	EGFR	MIF→EGFR	37	9	6	0.0161873282565415	0.0010912294047999	MIF_EGFR_CD74_axis
VIM	CD44	VIM→CD44	30	7	5	0.0033775459753798	0.0002131663351772	VIM_CD44_axis
MDK	PTPRZ1	MDK→PTPRZ1	27	8	5	0.0030941850798255	5.155514014959361e-05	MDK_PTPRZ1_NCL_axis
PTN	SDC3	PTN→SDC3	27	7	5	0.0146069203431273	0.0007714426047683	PTN_PTPRZ1_NCL_SDC3_axis
APP	CD74	APP→CD74	20	8	6	0.0139562826766906	1.3355474155925931e-05	APP_CD74_axis
MDK	NCL	MDK→NCL	18	5	9	0.0343694168820521	0.0111314959961517	MDK_PTPRZ1_NCL_axis
VEGFA	ITGB1	VEGFA→ITGB1	12	4	8	0.0326511229191603	0.0002676199360721	VEGFA_angiogenesis_axis
PTN	SDC4	PTN→SDC4	4	4	1	0.0160012036699895	0.0127701948307259	PTN_PTPRZ1_NCL_SDC3_axis
VEGFA	NRP1	VEGFA→NRP1	1	1	1	0.0156926630655409	0.0156926630655409	VEGFA_angiogenesis_axis
