path	exists	size_mb
G:\Repository\glioma-cnv-single-cell-atlas\metadata\LIANA_global_main_HVG8000_r0_6_readiness.tsv	True	0.0
G:\Repository\glioma-cnv-single-cell-atlas\metadata\LIANA_global_main_HVG8000_r0_6_celltype_counts_used.tsv	True	0.0
G:\Repository\glioma-cnv-single-cell-atlas\metadata\LIANA_global_main_HVG8000_r0_6_input_membership_audit.tsv	True	0.0
G:\Repository\glioma-cnv-single-cell-atlas\metadata\LIANA_global_main_HVG8000_r0_6_memory_preflight.tsv	True	0.0
G:\Repository\glioma-cnv-single-cell-atlas\metadata\LIANA_global_main_HVG8000_r0_6_expression_audit.tsv	True	0.0
G:\Repository\glioma-cnv-single-cell-atlas\metadata\LIANA_global_main_HVG8000_r0_6_run_config.tsv	True	0.0
G:\Repository\glioma-cnv-single-cell-atlas\metadata\LIANA_global_main_HVG8000_r0_6_all_results.tsv.gz	True	1.456
G:\Repository\glioma-cnv-single-cell-atlas\metadata\LIANA_global_main_HVG8000_r0_6_top_global_interactions.tsv	True	0.307
G:\Repository\glioma-cnv-single-cell-atlas\metadata\LIANA_global_main_HVG8000_r0_6_rank_threshold_or_top_interactions.tsv	True	0.449
G:\Repository\glioma-cnv-single-cell-atlas\metadata\LIANA_global_main_HVG8000_r0_6_top_source_target_interactions.tsv	True	0.74
G:\Repository\glioma-cnv-single-cell-atlas\metadata\LIANA_global_main_HVG8000_r0_6_source_target_summary.tsv	True	0.016
G:\Repository\glioma-cnv-single-cell-atlas\metadata\LIANA_global_main_HVG8000_r0_6_axis_summary.tsv	True	0.0
G:\Repository\glioma-cnv-single-cell-atlas\metadata\LIANA_global_main_HVG8000_r0_6_ligand_receptor_summary.tsv	True	0.019
G:\Repository\glioma-cnv-single-cell-atlas\metadata\LIANA_global_main_HVG8000_r0_6_biological_axis_summary.tsv	True	0.003
G:\Repository\glioma-cnv-single-cell-atlas\metadata\LIANA_global_main_HVG8000_r0_6_prioritized_malignant_related_interactions.tsv	True	0.338
G:\Repository\glioma-cnv-single-cell-atlas\metadata\LIANA_global_main_HVG8000_r0_6_prioritized_interactions_annotated.tsv	True	0.541
G:\Repository\glioma-cnv-single-cell-atlas\metadata\LIANA_global_main_HVG8000_r0_6_historical_result_checkpoint_audit.tsv	True	0.0
G:\Repository\glioma-cnv-single-cell-atlas\metadata\LIANA_global_main_HVG8000_r0_6_figure_manifest.tsv	True	0.001
G:\Repository\glioma-cnv-single-cell-atlas\metadata\LIANA_global_main_HVG8000_r0_6_run_summary.tsv	True	0.001
