ligand_complex	receptor_complex	lr_pair	n_source_target_pairs	n_sources	n_targets	median_primary_rank	min_primary_rank
TIMP1	CD63	TIMP1→CD63	68	9	9	0.0006416994458087501	1.4302842329951697e-07
HLA-A	APLP2	HLA-A→APLP2	64	9	8	0.0078308500293021	0.0003608520063132
PTN	NCL	PTN→NCL	63	7	9	0.0044146493686402	1.2450638222301931e-05
CALM1	PTPRA	CALM1→PTPRA	53	7	8	0.0151149268183241	0.0037636167217675
PTN	PTPRZ1	PTN→PTPRZ1	49	8	8	0.0003237017665364	1.5892938467069037e-08
LGALS1	ITGB1	LGALS1→ITGB1	42	9	9	0.009852197872973999	4.0668824556351065e-06
MIF	EGFR	MIF→EGFR	37	9	6	0.0161873282565415	0.0010912294047999
VIM	CD44	VIM→CD44	30	7	5	0.00337754597537985	0.0002131663351772
MDK	PTPRZ1	MDK→PTPRZ1	27	8	5	0.0030941850798255	5.155514014959361e-05
PTN	SDC3	PTN→SDC3	27	7	5	0.0146069203431273	0.0007714426047683
GSTP1	EGFR	GSTP1→EGFR	26	8	5	0.0247244212018018	0.0055513188941996
PTN	PTPRS	PTN→PTPRS	23	7	6	0.0185717147658824	0.0006384927172329
NCAM1	PTPRZ1	NCAM1→PTPRZ1	22	6	4	0.00201139573854025	0.0001227749228434
APP	CD74	APP→CD74	20	8	6	0.01395628267669065	1.3355474155925931e-05
MDK	NCL	MDK→NCL	18	5	9	0.0343694168820521	0.0111314959961517
BCAN	EGFR	BCAN→EGFR	15	3	5	0.008891251699451	0.0022468613880254
CALM1	INSR	CALM1→INSR	15	9	2	0.0134449105804363	0.0006010442765549
BCAN	NRCAM	BCAN→NRCAM	15	3	5	0.0141073497998856	0.0043981623582756
MIF	CD44_CD74	MIF→CD44_CD74	15	5	4	0.0210079716544893	0.00725115142649
LAMB2	RPSA	LAMB2→RPSA	15	3	7	0.0277085037502163	0.0165947190017222
APOE	LRP1	APOE→LRP1	14	3	6	0.009092810940080399	0.0008867881610634
B2M	KLRC2	B2M→KLRC2	14	8	3	0.01222733527729465	0.0042836045457345
TIMP2	ITGB1	TIMP2→ITGB1	14	7	2	0.0136946872108225	0.0048022253506638
HMGB1	CXCR4	HMGB1→CXCR4	13	9	2	0.0020957442775387	1.0736099965873653e-05
MIF	CD74_CXCR4	MIF→CD74_CXCR4	12	9	2	0.005170343858261799	0.0002023001230243
TNC	PTPRZ1	TNC→PTPRZ1	12	4	3	0.01245394701064045	0.0018197745966759
LGALS3BP	ITGB1	LGALS3BP→ITGB1	12	6	2	0.01978423379353185	0.0019388260263625
VCAN	ITGB1	VCAN→ITGB1	12	6	2	0.021131504029869	0.0082066389744419
VEGFA	ITGB1	VEGFA→ITGB1	12	4	8	0.03265112291916035	0.0002676199360721
APP	LRP1	APP→LRP1	11	3	5	0.0305606441864212	0.0187385317638869
PSAP	SORT1	PSAP→SORT1	10	6	4	0.03060301997577435	0.0024154198775888
APOE	ABCA1	APOE→ABCA1	9	2	5	0.0139041000697955	0.0045142090735141
COPA	CD74	COPA→CD74	9	9	1	0.0152659430842359	0.0028498453962862
PTN	SDC2	PTN→SDC2	9	7	2	0.0161250881649617	0.0009320994315296
SPARC	ENG	SPARC→ENG	9	7	2	0.0183724847883892	1.1577511751574356e-05
LAMA2	RPSA	LAMA2→RPSA	9	1	9	0.0200644302212588	0.007699956980738
COL4A1	CD47	COL4A1→CD47	9	2	6	0.0267081949934022	0.0041865966751943
PSAP	LRP1	PSAP→LRP1	8	2	5	0.0141094534592468	0.0087060670550861
COL4A1	CD44	COL4A1→CD44	8	2	4	0.01691612826422715	0.0081396546380597
PSAP	GPR37	PSAP→GPR37	8	8	1	0.021225236540460102	0.0013348954157904
COL4A1	ITGAV_ITGB8	COL4A1→ITGAV_ITGB8	8	2	5	0.02781601773717875	0.0153265540636856
PKM	CD44	PKM→CD44	8	3	4	0.0302231252927283	0.0139330469046094
VWF	ITGB1	VWF→ITGB1	8	1	8	0.03937765304862955	0.0003513761060242
DCN	EGFR	DCN→EGFR	7	1	7	0.0015729997377189	0.0002168513768436
SPP1	ITGAV_ITGB1	SPP1→ITGAV_ITGB1	7	1	7	0.0040115929681762	0.00177740939666
FN1	ITGAV_ITGB1	FN1→ITGAV_ITGB1	7	1	7	0.0065325195272682	0.0028233090992656
PTN	PTPRB	PTN→PTPRB	7	7	1	0.0083865795965365	0.000314728163111
CALM1	PDE1C	CALM1→PDE1C	7	7	1	0.0152659430842359	0.0081842806820825
YBX1	NOTCH1	YBX1→NOTCH1	7	3	3	0.0353375487289454	0.0232165312593357
SPARC	FGFR1	SPARC→FGFR1	7	2	5	0.0428455458089249	0.0150246646383112
SPP1	CD44	SPP1→CD44	6	2	5	0.00185927606140275	0.000114556244995
A2M	LRP1	A2M→LRP1	6	1	6	0.0025388219372799	0.0010584080712855
FN1	CD44	FN1→CD44	6	2	5	0.00317140854080355	0.0003560983369628
COL3A1	DDR1	COL3A1→DDR1	6	1	6	0.0054954727101694	0.001380967107432
COL1A1	DDR1	COL1A1→DDR1	6	1	6	0.00754955491630215	0.0020165298077321
TIMP1	FGFR2	TIMP1→FGFR2	6	6	1	0.01387090620795	3.656911198643954e-05
CALM1	GRM3	CALM1→GRM3	6	6	1	0.01726800462079095	0.0128257759162731
CALM1	AQP1	CALM1→AQP1	6	6	1	0.017440632150912648	0.0130212330429936
VEGFA	ITGAV	VEGFA→ITGAV	6	1	6	0.0324829865942389	0.0204463105632298
FN1	ITGAV_ITGB8	FN1→ITGAV_ITGB8	5	1	5	0.0054501883745796	0.001553239090271
COL1A2	ITGAV_ITGB8	COL1A2→ITGAV_ITGB8	5	1	5	0.00714623930123	0.002211526682594
VEGFA	EGFR	VEGFA→EGFR	5	1	5	0.0105927446709405	0.0063339534780807
COL1A1	ITGAV_ITGB8	COL1A1→ITGAV_ITGB8	5	1	5	0.0120583383714597	0.0069799398295474
LGALS1	PTPRC	LGALS1→PTPRC	5	5	1	0.0129372903363817	0.0003950061720054
LGALS1	CD69	LGALS1→CD69	5	5	1	0.0133596484461353	0.0004101141872717
FADD	TRADD	FADD→TRADD	5	3	3	0.0196234015624958	0.0026466137560563
VWF	LRP1	VWF→LRP1	5	1	5	0.0239261331969776	0.0191418341758413
COL4A2	CD44	COL4A2→CD44	5	2	3	0.0271461564760084	0.0175535548600752
LAMA5	BCAM	LAMA5→BCAM	5	3	3	0.0297786383750236	0.0022686215277375
CNTN1	PTPRZ1	CNTN1→PTPRZ1	5	3	3	0.0328420143239216	0.0146959548421186
EDIL3	ITGAV	EDIL3→ITGAV	5	1	5	0.0385318807625627	0.0261950123007066
COL1A2	CD44	COL1A2→CD44	4	1	4	0.0017039486251733999	0.0005411318013272
FN1	MAG	FN1→MAG	4	4	1	0.00434573849155965	2.287877718064311e-06
COL1A1	CD44	COL1A1→CD44	4	1	4	0.005472957274462949	0.0026409900604626
COL4A1	ITGA1_ITGB1	COL4A1→ITGA1_ITGB1	4	2	2	0.01222749411976675	0.0084545485270844
NID1	ITGB1	NID1→ITGB1	4	2	2	0.012312437507188152	0.0037028418460064
PTN	SDC4	PTN→SDC4	4	4	1	0.0160012036699895	0.0127701948307259
GNAI2	EGFR	GNAI2→EGFR	4	1	4	0.0166522672842146	0.0127147311900136
VEGFA	CD44	VEGFA→CD44	4	1	4	0.0177462572288965	0.0112355929037916
APOE	SDC2	APOE→SDC2	4	3	2	0.02092483816340715	0.0011926771709136
APOE	SORL1	APOE→SORL1	4	2	2	0.0218571518375648	0.0107964454870888
COL4A2	ITGA1_ITGB1	COL4A2→ITGA1_ITGB1	4	2	2	0.02406698459050185	0.0181742941179348
FARP2	PLXNA2	FARP2→PLXNA2	4	3	2	0.0241384098675698	0.0034025031475912
ADAM9	ITGB1	ADAM9→ITGB1	4	3	2	0.042542784322541605	0.0272661957188841
TF	TFRC	TF→TFRC	4	1	4	0.0429751171903195	0.0014562935905581
GDF11	ACVR2B_TGFBR1	GDF11→ACVR2B_TGFBR1	3	2	2	0.0064247898842312	0.0011344537802723
NLGN2	NRXN2	NLGN2→NRXN2	3	3	1	0.0085014325871647	0.000567262646491
NRXN2	NLGN2	NRXN2→NLGN2	3	1	3	0.0085014325871647	0.000567262646491
COL9A3	MAG	COL9A3→MAG	3	3	1	0.00921991173911	0.0073356205124248
GDF11	BMPR1A	GDF11→BMPR1A	3	1	3	0.0109544091986938	0.007935170904449
LAMA5	SDC1	LAMA5→SDC1	3	3	1	0.0120860991138857	0.0018905973911126
IRAK4	TLR4	IRAK4→TLR4	3	3	1	0.0181169567431495	0.00491390066044
TIMP3	DDR1	TIMP3→DDR1	3	1	3	0.0201682336082779	0.0199953706153658
LAMA5	ITGA6_ITGB1	LAMA5→ITGA6_ITGB1	3	2	2	0.0215057450304964	0.0075576234195518
CALM3	EGFR	CALM3→EGFR	3	1	3	0.025842533101184	0.0249138059985007
BMP1	BMPR1A	BMP1→BMPR1A	3	2	2	0.026020134905417	0.0218821194249365
FARP2	PLXNA1	FARP2→PLXNA1	3	1	3	0.0263961268083604	0.0192468389781786
COL6A1	CD44	COL6A1→CD44	3	1	3	0.0267875704595284	0.0210433209902566
FARP2	PLXNA3	FARP2→PLXNA3	3	2	2	0.0301543155012634	0.0060471153564988
LGALS3	ENG	LGALS3→ENG	3	3	1	0.0309850830973486	0.0098212899625829
NAMPT	INSR	NAMPT→INSR	3	3	1	0.0324490845942526	0.0238509541118019
GNAI2	CAV1	GNAI2→CAV1	3	1	3	0.032667099263846	0.0217562885083437
PSAP	GPR37L1	PSAP→GPR37L1	3	1	3	0.032667099263846	0.0195492879317704
PTN	SDC1	PTN→SDC1	3	3	1	0.0345707649925246	0.0326234382471498
TGFB1	ITGB1	TGFB1→ITGB1	3	2	2	0.0367102271973542	0.0271861425131643
FGF2	GPC4	FGF2→GPC4	3	3	1	0.0376611885684613	0.0166100033392169
VEGFA	GPC1	VEGFA→GPC1	3	1	3	0.0381547879201724	0.0268272988110542
ANG	PLXNB2	ANG→PLXNB2	3	1	3	0.0391610431354056	0.0256441092258865
FN1	ITGA6	FN1→ITGA6	3	2	2	0.0414650428927401	0.0005123488645723
APP	GPC1	APP→GPC1	3	2	2	0.0422019402644756	0.0321017084016408
CALM3	INSR	CALM3→INSR	3	3	1	0.0430943257572415	0.0165002685783191
FGF2	FGFRL1	FGF2→FGFRL1	3	2	2	0.0436575732647196	0.0199999345171887
CALM1	ADCYAP1R1	CALM1→ADCYAP1R1	3	3	1	0.0465451947293898	0.0419556183395886
COL1A2	ITGA1_ITGB1	COL1A2→ITGA1_ITGB1	2	1	2	0.00064610911564585	0.000588811650855
COL3A1	ITGA1_ITGB1	COL3A1→ITGA1_ITGB1	2	1	2	0.0021208723232914502	0.0019830432922304
COL1A1	ITGA1_ITGB1	COL1A1→ITGA1_ITGB1	2	1	2	0.0029893252416584	0.002744435995644
HSPG2	ITGB1	HSPG2→ITGB1	2	1	2	0.00350937967191825	0.0021301554187412
FBLN1	ITGB1	FBLN1→ITGB1	2	1	2	0.0040920050406799	0.0024276904419999
LUM	ITGB1	LUM→ITGB1	2	1	2	0.006173114216361899	0.004027350338403
FN1	CD79A	FN1→CD79A	2	2	1	0.008068461711221303	4.291309642970508e-05
COL4A1	CD93	COL4A1→CD93	2	2	1	0.00875238685926365	0.0061383968094015
TGM2	ITGB1	TGM2→ITGB1	2	1	2	0.01048401607918785	0.0077216579562868
SPP1	ITGA5_ITGB1	SPP1→ITGA5_ITGB1	2	1	2	0.010927137400744651	0.0019278488263978
SPON1	LRP8	SPON1→LRP8	2	1	2	0.0143463375540322	0.0098224325179946
JAM3	ITGB1	JAM3→ITGB1	2	1	2	0.015308893634860501	0.0115771670353101
FN1	ROBO4	FN1→ROBO4	2	2	1	0.016164925180530053	0.0001848195151446
SPON2	ITGB1	SPON2→ITGB1	2	1	2	0.0161788248973649	0.0120853511758059
FN1	ITGA5_ITGB1	FN1→ITGA5_ITGB1	2	1	2	0.01621332341043315	0.00299798524914
COL4A2	CD93	COL4A2→CD93	2	2	1	0.01645160631289975	0.0133880390174933
APOE	LRP2	APOE→LRP2	2	2	1	0.01745072417513895	0.0096026558162989
PLAU	IGF2R	PLAU→IGF2R	2	1	2	0.01904978557990395	0.0101997894787316
CLEC11A	ITGB1	CLEC11A→ITGB1	2	1	2	0.01930344874693685	0.0138462915983714
FN1	SDC2	FN1→SDC2	2	1	2	0.02045792218053005	0.0010502804230633
COL11A1	DDR1	COL11A1→DDR1	2	2	1	0.02055353677883205	0.0105771146901242
LAMA5	ITGA2_ITGB1	LAMA5→ITGA2_ITGB1	2	2	1	0.022427749431890753	0.0094450438065774
BMP2	ACVR2B_BMPR1A	BMP2→ACVR2B_BMPR1A	2	2	1	0.0228148888524085	0.0143486229727457
COL6A1	ITGA1_ITGB1	COL6A1→ITGA1_ITGB1	2	1	2	0.0233135401678038	0.0218282152984578
BMP2	RGMB	BMP2→RGMB	2	2	1	0.02488358093573025	0.0162331859358575
ADAM12	ITGB1	ADAM12→ITGB1	2	1	2	0.025218508837843198	0.0179443874588539
LAMA5	ITGAV_ITGB8	LAMA5→ITGAV_ITGB8	2	2	1	0.027312486872311748	0.0128404003417909
TIMP3	CD44	TIMP3→CD44	2	1	2	0.028280569276878602	0.0251059429675017
EFNB1	ERBB2	EFNB1→ERBB2	2	2	1	0.02883597937802705	0.0233872957657746
FBN1	ITGB1	FBN1→ITGB1	2	1	2	0.029007620209657803	0.0205161169221422
COL6A2	ITGA1_ITGB1	COL6A2→ITGA1_ITGB1	2	1	2	0.02918457427970565	0.027426637193528
COL6A2	CD44	COL6A2→CD44	2	1	2	0.029942215135225853	0.0268670589356852
NCAM1	FGFR2	NCAM1→FGFR2	2	2	1	0.030138777499540748	0.0285214365150588
HMGB1	THBD	HMGB1→THBD	2	2	1	0.03183666369808165	0.0151450707241534
TNFSF12	TNFRSF25	TNFSF12→TNFRSF25	2	2	1	0.0318371460801827	0.023763509548959
ANXA2	ROBO4	ANXA2→ROBO4	2	2	1	0.03246135906635935	0.0151752437695395
EFNB1	EPHB1	EFNB1→EPHB1	2	2	1	0.03296707177563035	0.0271480176231952
CXCL12	ITGB1	CXCL12→ITGB1	2	1	2	0.03318006099344745	0.0236635060762456
BMP4	ACVR2B_BMPR1A	BMP4→ACVR2B_BMPR1A	2	2	1	0.03409585869963115	0.0309055726378341
FGF2	SDC1	FGF2→SDC1	2	2	1	0.0350169232103869	0.0222584600261649
IL6	IL6R_IL6ST	IL6→IL6R_IL6ST	2	1	2	0.03653571309606195	0.035035225468644
BMP4	RGMB	BMP4→RGMB	2	2	1	0.03672177678660425	0.0327831622147999
HSPA8	LRP2	HSPA8→LRP2	2	2	1	0.039020461417306154	0.0343467680196228
APP	TSPAN15	APP→TSPAN15	2	2	1	0.03907050387740195	0.0335903693034052
PTN	PLXNB2	PTN→PLXNB2	2	2	1	0.03980115985778945	0.0386737470143034
FN1	SDC1	FN1→SDC1	2	2	2	0.04015590521794905	0.0351564074684971
ANXA1	EGFR	ANXA1→EGFR	2	1	2	0.04649951458989075	0.0454149835927908
COL5A2	DDR1	COL5A2→DDR1	2	1	2	0.04863392567410165	0.0484229162469971
COL3A1	MAG	COL3A1→MAG	1	1	1	7.004858512416235e-06	7.004858512416235e-06
COL1A2	CD93	COL1A2→CD93	1	1	1	0.0002928439768433	0.0002928439768433
SPP1	S1PR1	SPP1→S1PR1	1	1	1	0.00090176722086	0.00090176722086
COL4A5	SDC1	COL4A5→SDC1	1	1	1	0.0015125414757361	0.0015125414757361
COL1A1	CD93	COL1A1→CD93	1	1	1	0.0017459596483582	0.0017459596483582
COL21A1	ITGA2_ITGB1	COL21A1→ITGA2_ITGB1	1	1	1	0.0030245744700752	0.0030245744700752
COL4A5	ITGA2_ITGB1	COL4A5→ITGA2_ITGB1	1	1	1	0.0037804003134346	0.0037804003134346
ADO	ADORA1	ADO→ADORA1	1	1	1	0.0041582654454906	0.0041582654454906
COL4A5	ITGAV_ITGB8	COL4A5→ITGAV_ITGB8	1	1	1	0.0045360990685014	0.0045360990685014
EFNA1	EPHB1	EFNA1→EPHB1	1	1	1	0.0052916704843346	0.0052916704843346
TGFB1	ACVR1B_TGFBR2	TGFB1→ACVR1B_TGFBR2	1	1	1	0.0056694090647294	0.0056694090647294
NID1	PTPRF	NID1→PTPRF	1	1	1	0.0068024326492622	0.0068024326492622
RGMB	NEO1	RGMB→NEO1	1	1	1	0.0071800441759604	0.0071800441759604
HBEGF	CD9	HBEGF→CD9	1	1	1	0.007699956980738	0.007699956980738
COL3A1	DDR2	COL3A1→DDR2	1	1	1	0.0085912934078286	0.0085912934078286
HGF	SDC1	HGF→SDC1	1	1	1	0.0090676233431445	0.0090676233431445
COL1A1	ITGA5	COL1A1→ITGA5	1	1	1	0.0091962416424574	0.0091962416424574
COL1A1	DDR2	COL1A1→DDR2	1	1	1	0.0104663903988746	0.0104663903988746
VEGFA	FLT1_KDR	VEGFA→FLT1_KDR	1	1	1	0.0126041587739518	0.0126041587739518
GDF11	ACVR2A_TGFBR1	GDF11→ACVR2A_TGFBR1	1	1	1	0.0132175033450837	0.0132175033450837
TF	LRP2	TF→LRP2	1	1	1	0.0133312846642873	0.0133312846642873
COL4A5	CD44	COL4A5→CD44	1	1	1	0.0135945746097176	0.0135945746097176
FN1	PLAUR	FN1→PLAUR	1	1	1	0.0138174299722916	0.0138174299722916
ANGPTL2	TLR4	ANGPTL2→TLR4	1	1	1	0.0139716141370282	0.0139716141370282
SDC2	PTPRJ	SDC2→PTPRJ	1	1	1	0.0147255990293291	0.0147255990293291
NLGN3	NRXN2	NLGN3→NRXN2	1	1	1	0.0152910030925663	0.0152910030925663
NRXN2	NLGN3	NRXN2→NLGN3	1	1	1	0.0152910030925663	0.0152910030925663
VEGFA	NRP1	VEGFA→NRP1	1	1	1	0.0156926630655409	0.0156926630655409
EDN1	ADGRL4	EDN1→ADGRL4	1	1	1	0.0157848471486941	0.0157848471486941
COL4A5	ITGA3_ITGB1	COL4A5→ITGA3_ITGB1	1	1	1	0.0169867890159386	0.0169867890159386
NRG2	NRP2	NRG2→NRP2	1	1	1	0.0173635440110494	0.0173635440110494
LRRC4B	PTPRF	LRRC4B→PTPRF	1	1	1	0.0177402651948115	0.0177402651948115
COL1A2	ITGA10_ITGB1	COL1A2→ITGA10_ITGB1	1	1	1	0.0177484505922675	0.0177484505922675
FADD	TRAF2	FADD→TRAF2	1	1	1	0.0184936144831617	0.0184936144831617
VEGFA	NRP2	VEGFA→NRP2	1	1	1	0.0192433103857152	0.0192433103857152
NCAM1	CACNA1C	NCAM1→CACNA1C	1	1	1	0.0211293389266068	0.0211293389266068
SPP1	ITGA4_ITGB1	SPP1→ITGA4_ITGB1	1	1	1	0.0218282152984578	0.0218282152984578
APOE	LSR	APOE→LSR	1	1	1	0.0224806990554842	0.0224806990554842
PTDSS1	SCARB1	PTDSS1→SCARB1	1	1	1	0.0226347710058889	0.0226347710058889
RGMB	BMPR2	RGMB→BMPR2	1	1	1	0.0230110481954239	0.0230110481954239
FN1	FLT4	FN1→FLT4	1	1	1	0.0232907421771919	0.0232907421771919
APOE	SCARB1	APOE→SCARB1	1	1	1	0.0235887254597072	0.0235887254597072
COL9A2	SDC1	COL9A2→SDC1	1	1	1	0.0245158440974556	0.0245158440974556
FN1	ITGA2	FN1→ITGA2	1	1	1	0.0247606058955023	0.0247606058955023
CCL5	CCRL2	CCL5→CCRL2	1	1	1	0.0248919648650879	0.0248919648650879
ADM	RAMP1	ADM→RAMP1	1	1	1	0.0249905763451436	0.0249905763451436
COL6A1	ITGA6	COL6A1→ITGA6	1	1	1	0.0250674601933855	0.0250674601933855
VEGFA	TYRO3	VEGFA→TYRO3	1	1	1	0.0253761267444426	0.0253761267444426
LAMA5	CD44	LAMA5→CD44	1	1	1	0.0267720891025601	0.0267720891025601
RTN4	NGFR	RTN4→NGFR	1	1	1	0.0273062628771008	0.0273062628771008
COL3A1	ITGA10_ITGB1	COL3A1→ITGA10_ITGB1	1	1	1	0.0275472689586245	0.0275472689586245
MYL9	CD69	MYL9→CD69	1	1	1	0.0281135601261898	0.0281135601261898
BMP5	ACVR2B_BMPR1A	BMP5→ACVR2B_BMPR1A	1	1	1	0.0282756172206426	0.0282756172206426
CSF1	SIRPA	CSF1→SIRPA	1	1	1	0.0286514210748019	0.0286514210748019
HAPLN1	IGDCC4	HAPLN1→IGDCC4	1	1	1	0.029027191162953	0.029027191162953
TIMP3	KDR	TIMP3→KDR	1	1	1	0.029887372149198	0.029887372149198
COL1A2	FLT4	COL1A2→FLT4	1	1	1	0.0300550183362602	0.0300550183362602
COL1A1	ITGA10_ITGB1	COL1A1→ITGA10_ITGB1	1	1	1	0.0306876837894744	0.0306876837894744
ADM	RAMP2	ADM→RAMP2	1	1	1	0.0310276790338263	0.0310276790338263
COL1A2	ITGA2_ITGB1	COL1A2→ITGA2_ITGB1	1	1	1	0.0311556422515402	0.0311556422515402
COL9A2	MAG	COL9A2→MAG	1	1	1	0.0312410896552498	0.0312410896552498
FN1	ITGA4_ITGB1	FN1→ITGA4_ITGB1	1	1	1	0.0314551955862555	0.0314551955862555
LAMA5	ITGA3_ITGB1	LAMA5→ITGA3_ITGB1	1	1	1	0.0316567030708787	0.0316567030708787
GDF11	BMPR2	GDF11→BMPR2	1	1	1	0.0324077068110828	0.0324077068110828
CNTN2	NRCAM	CNTN2→NRCAM	1	1	1	0.0326234382471498	0.0326234382471498
COL11A1	ITGA2_ITGB1	COL11A1→ITGA2_ITGB1	1	1	1	0.0331585838691319	0.0331585838691319
LGALS3	MCAM	LGALS3→MCAM	1	1	1	0.0344362882703183	0.0344362882703183
PLAU	LRP1	PLAU→LRP1	1	1	1	0.0346599600608118	0.0346599600608118
ADAM15	ITGB1	ADAM15→ITGB1	1	1	1	0.0356556148977784	0.0356556148977784
COL4A2	ITGAV_ITGB8	COL4A2→ITGAV_ITGB8	1	1	1	0.0357923375486625	0.0357923375486625
SEMA4A	NRP1_PLXNA2	SEMA4A→NRP1_PLXNA2	1	1	1	0.0361608275720914	0.0361608275720914
SAA1	SCARB1	SAA1→SCARB1	1	1	1	0.0365359663428312	0.0365359663428312
APOD	LEPR	APOD→LEPR	1	1	1	0.0367564099811675	0.0367564099811675
ARF1	INSR	ARF1→INSR	1	1	1	0.0371268831765725	0.0371268831765725
HMGB1	SDC1	HMGB1→SDC1	1	1	1	0.0376859059019698	0.0376859059019698
BST1	CAV1	BST1→CAV1	1	1	1	0.0384111812278197	0.0384111812278197
COL4A4	SDC1	COL4A4→SDC1	1	1	1	0.039535928696074	0.039535928696074
GNAI2	EDNRB	GNAI2→EDNRB	1	1	1	0.0406858089009163	0.0406858089009163
NTN1	NEO1	NTN1→NEO1	1	1	1	0.0414098776937939	0.0414098776937939
MXRA5	MAG	MXRA5→MAG	1	1	1	0.0418081637278139	0.0418081637278139
FAT4	DCHS1	FAT4→DCHS1	1	1	1	0.0421592333229542	0.0421592333229542
THBS2	SDC1	THBS2→SDC1	1	1	1	0.0425338657590354	0.0425338657590354
HGF	NRP1	HGF→NRP1	1	1	1	0.0429084665604663	0.0429084665604663
SFRP1	FZD2	SFRP1→FZD2	1	1	1	0.0432830357285825	0.0432830357285825
COL6A1	ITGAV_ITGB8	COL6A1→ITGAV_ITGB8	1	1	1	0.0436440206180514	0.0436440206180514
COL1A2	SDC1	COL1A2→SDC1	1	1	1	0.0441970216698852	0.0441970216698852
COL28A1	ITGA2_ITGB1	COL28A1→ITGA2_ITGB1	1	1	1	0.0444065492969076	0.0444065492969076
ETV5	ERBB2	ETV5→ERBB2	1	1	1	0.0447809919454724	0.0447809919454724
SPP1	ITGAV_ITGB5	SPP1→ITGAV_ITGB5	1	1	1	0.0456706953737609	0.0456706953737609
COL3A1	ITGA2_ITGB1	COL3A1→ITGA2_ITGB1	1	1	1	0.0458244518211973	0.0458244518211973
ANGPTL4	SDC1	ANGPTL4→SDC1	1	1	1	0.045904125988602	0.045904125988602
IL16	CD9	IL16→CD9	1	1	1	0.0461326882091666	0.0461326882091666
CCL5	SDC1	CCL5→SDC1	1	1	1	0.0462784421389865	0.0462784421389865
C3	LRP1	C3→LRP1	1	1	1	0.0466527266680776	0.0466527266680776
CALR	LRP1	CALR→LRP1	1	1	1	0.0470632711791128	0.0470632711791128
COL4A1	ITGA10_ITGB1	COL4A1→ITGA10_ITGB1	1	1	1	0.0472712488547675	0.0472712488547675
TNFSF13B	TFRC	TNFSF13B→TFRC	1	1	1	0.0474011967210336	0.0474011967210336
IRAK4	TLR6	IRAK4→TLR6	1	1	1	0.0481495444522336	0.0481495444522336
GNAI2	S1PR1	GNAI2→S1PR1	1	1	1	0.0482125501014258	0.0482125501014258
GNAI2	EDNRA	GNAI2→EDNRA	1	1	1	0.0485282566720099	0.0485282566720099
SEMA6D	KDR_PLXNA1	SEMA6D→KDR_PLXNA1	1	1	1	0.0488977615796864	0.0488977615796864
COL1A1	FLT4	COL1A1→FLT4	1	1	1	0.0488978170992843	0.0488978170992843
APP	LRP10	APP→LRP10	1	1	1	0.0499609688678221	0.0499609688678221
