obs_column	dtype	n_unique
sample_id	category	83
geo_id	category	4
core_dataset	category	4
n_genes_by_counts	float64	7379
total_counts	float64	30215
total_counts_mt	float64	3468
pct_counts_mt	float64	278378
total_counts_ribo	float64	7102
pct_counts_ribo	float64	320309
total_counts_hb	float64	248
pct_counts_hb	float64	47182
dataset_id	category	4
study_id	category	4
source_dataset	category	4
source_file	category	4
concat_key	category	4
patient_id	category	50
condition	category	4
batch_dataset	category	4
batch_sample	category	83
batch_patient	category	50
original_cell_barcode	object	351427
diagnosis	category	2
disease_stage	category	4
tumor_status	category	4
platform	category	1
technology	category	1
study_batch	category	4
sample_batch	category	83
scvi_batch	category	83
analysis_group_major	category	1
analysis_group_detail	category	4
ready_for_integration	category	1
cell_id_original	object	351427
