column	n_cells	n_missing_empty_or_unknown	fraction_missing_empty_or_unknown	n_unique	top_value	top_value_n_cells	top_value_fraction
core_dataset	351427	0	0.0	4	DS3_GSE182109	218735	0.6224194498430684
dataset_id	351427	0	0.0	4	DS3	218735	0.6224194498430684
geo_id	351427	0	0.0	4	GSE182109	218735	0.6224194498430684
study_id	351427	0	0.0	4	GSE182109	218735	0.6224194498430684
sample_id	351427	0	0.0	83	GSM5518597_rGBM-01-B	10960	0.031187131324570964
patient_id	351427	0	0.0	50	01	54762	0.15582752605804334
condition	351427	0	0.0	4	GBM	132692	0.3775805501569316
diagnosis	351427	0	0.0	2	glioblastoma	337940	0.9616221861154663
disease_stage	351427	0	0.0	4	GBM	132692	0.3775805501569316
tumor_status	351427	0	0.0	4	gbm_unspecified	132692	0.3775805501569316
platform	351427	0	0.0	1	unknown_platform	351427	1.0
technology	351427	0	0.0	1	unknown_platform	351427	1.0
study_batch	351427	0	0.0	4	DS3_GSE182109	218735	0.6224194498430684
sample_batch	351427	0	0.0	83	GSM5518597_rGBM-01-B	10960	0.031187131324570964
scvi_batch	351427	0	0.0	83	GSM5518597_rGBM-01-B	10960	0.031187131324570964
source_file	351427	0	0.0	4	G:\Repository\glioma-cnv-single-cell-atlas\data\processed\DS3_GSE182109\GSE182109_postQC.h5ad	218735	0.6224194498430684
analysis_group_major	351427	0	0.0	1	core	351427	1.0
analysis_group_detail	351427	0	0.0	4	GBM	132692	0.3775805501569316
ready_for_integration	351427	0	0.0	1	yes	351427	1.0
