epoch	kl_weight	validation_loss	elbo_validation	reconstruction_loss_validation	kl_local_validation	kl_global_validation	train_loss	elbo_train	reconstruction_loss_train	kl_local_train	kl_global_train
0	0.0	2689.191162109375	2844.525390625	2689.191162109375	155.334228515625	0.0	2834.322265625	2958.256591796875	2834.322265625	123.93440246582031	0.0
1	0.0024999999441206455	2641.3583984375	2783.34326171875	2641.00439453125	142.33889770507812	0.0	2666.813720703125	2814.721923828125	2666.442626953125	148.27931213378906	0.0
2	0.004999999888241291	2626.50390625	2751.114501953125	2625.876953125	125.2376480102539	0.0	2641.329833984375	2774.01806640625	2640.665771484375	133.3522186279297	0.0
3	0.007499999832361937	2620.89990234375	2736.681396484375	2620.0244140625	116.65696716308594	0.0	2631.222900390625	2751.2724609375	2630.312255859375	120.96009826660156	0.0
4	0.009999999776482582	2615.24560546875	2720.698974609375	2614.18115234375	106.51782989501953	0.0	2625.5888671875	2736.76513671875	2624.470947265625	112.29420471191406	0.0
5	0.012500000186264515	2611.420654296875	2712.07666015625	2610.146728515625	101.92992401123047	0.0	2621.60400390625	2726.9130859375	2620.274169921875	106.63883209228516	0.0
6	0.014999999664723873	2608.91259765625	2703.369873046875	2607.473388671875	95.89642333984375	0.0	2618.82763671875	2719.983154296875	2617.286376953125	102.6968765258789	0.0
7	0.017500000074505806	2606.174560546875	2699.910888671875	2604.50390625	95.40699768066406	0.0	2616.626220703125	2714.12451171875	2614.8896484375	99.2348403930664	0.0
8	0.019999999552965164	2605.169677734375	2695.06689453125	2603.336181640625	91.73081970214844	0.0	2614.927978515625	2709.5234375	2612.993408203125	96.53006744384766	0.0
9	0.02250000089406967	2604.6708984375	2695.41943359375	2602.583251953125	92.83624267578125	0.0	2613.780029296875	2705.888916015625	2611.6572265625	94.23162841796875	0.0
10	0.02500000037252903	2602.467041015625	2687.2548828125	2600.293701171875	86.96109008789062	0.0	2612.5205078125	2702.418212890625	2610.218505859375	92.19963073730469	0.0
11	0.027499999850988388	2602.9423828125	2687.4833984375	2600.55224609375	86.93111419677734	0.0	2611.591796875	2699.322509765625	2609.11376953125	90.20872497558594	0.0
12	0.029999999329447746	2601.16845703125	2684.141845703125	2598.60205078125	85.53968048095703	0.0	2610.740478515625	2696.4091796875	2608.093994140625	88.315185546875	0.0
13	0.032499998807907104	2600.447021484375	2681.055908203125	2597.73779296875	83.31810760498047	0.0	2610.03564453125	2694.064453125	2607.2138671875	86.8505859375	0.0
14	0.03500000014901161	2599.938232421875	2679.427978515625	2597.05615234375	82.37178802490234	0.0	2609.482177734375	2691.86669921875	2606.49365234375	85.37297058105469	0.0
15	0.03750000149011612	2600.030029296875	2676.533447265625	2597.048828125	79.48454284667969	0.0	2608.859130859375	2689.728271484375	2605.70458984375	84.02369689941406	0.0
16	0.03999999910593033	2599.679443359375	2675.882568359375	2596.50146484375	79.38101959228516	0.0	2608.328857421875	2687.766357421875	2605.018310546875	82.74797058105469	0.0
17	0.042500000447034836	2599.0810546875	2674.026611328125	2595.755615234375	78.27088928222656	0.0	2607.9521484375	2686.16015625	2604.481689453125	81.67855834960938	0.0
18	0.04500000178813934	2598.125732421875	2672.302001953125	2594.630126953125	77.67189025878906	0.0	2607.70703125	2684.637939453125	2604.082763671875	80.55518341064453	0.0
19	0.04749999940395355	2598.212158203125	2670.4296875	2594.6083984375	75.82125091552734	0.0	2607.333984375	2683.081298828125	2603.552978515625	79.5283203125	0.0
20	0.05000000074505806	2598.57861328125	2670.4951171875	2594.7939453125	75.70106506347656	0.0	2607.02783203125	2681.6396484375	2603.101806640625	78.53791809082031	0.0
21	0.05249999836087227	2598.15380859375	2668.64404296875	2594.2470703125	74.39706420898438	0.0	2606.766845703125	2680.208251953125	2602.69921875	77.50914764404297	0.0
22	0.054999999701976776	2597.573974609375	2667.43701171875	2593.507080078125	73.9298324584961	0.0	2606.4658203125	2678.89892578125	2602.244873046875	76.6540756225586	0.0
23	0.057500001043081284	2597.060791015625	2666.072509765625	2592.8515625	73.22093963623047	0.0	2606.309326171875	2677.75048828125	2601.9560546875	75.79446411132812	0.0
24	0.05999999865889549	2597.72509765625	2665.22412109375	2593.41552734375	71.80860900878906	0.0	2606.119140625	2676.47412109375	2601.626708984375	74.8474349975586	0.0
25	0.0625	2596.683349609375	2663.69482421875	2592.21533203125	71.4795150756836	0.0	2605.845947265625	2675.37890625	2601.209716796875	74.16908264160156	0.0
26	0.06499999761581421	2596.431884765625	2662.44091796875	2591.84130859375	70.59952545166016	0.0	2605.702880859375	2674.303466796875	2600.93896484375	73.36439514160156	0.0
27	0.06750000268220901	2596.69775390625	2662.140869140625	2591.961181640625	70.17963409423828	0.0	2605.557861328125	2673.258544921875	2600.653076171875	72.60551452636719	0.0
28	0.07000000029802322	2596.911376953125	2661.30419921875	2592.063720703125	69.24050903320312	0.0	2605.42333984375	2672.380859375	2600.386474609375	71.99427032470703	0.0
29	0.07249999791383743	2596.309814453125	2660.072998046875	2591.324951171875	68.74815368652344	0.0	2605.34423828125	2671.534912109375	2600.16748046875	71.36737823486328	0.0
30	0.07500000298023224	2596.539306640625	2659.18017578125	2591.4609375	67.7192153930664	0.0	2605.239990234375	2670.552978515625	2599.94287109375	70.61022186279297	0.0
31	0.07750000059604645	2596.515869140625	2658.9287109375	2591.27197265625	67.65666198730469	0.0	2605.211181640625	2669.736328125	2599.793212890625	69.943115234375	0.0
32	0.07999999821186066	2595.9443359375	2657.938232421875	2590.55517578125	67.38314819335938	0.0	2605.112060546875	2668.957275390625	2599.56689453125	69.39039611816406	0.0
33	0.08250000327825546	2596.482177734375	2657.302734375	2591.01416015625	66.28851318359375	0.0	2605.056640625	2668.19482421875	2599.379150390625	68.81555938720703	0.0
34	0.08500000089406967	2595.75732421875	2655.43603515625	2590.215087890625	65.22095489501953	0.0	2605.03564453125	2667.509765625	2599.23779296875	68.27208709716797	0.0
35	0.08749999850988388	2596.180908203125	2655.70166015625	2590.474853515625	65.22687530517578	0.0	2604.916748046875	2666.5927734375	2599.00390625	67.58882904052734	0.0
36	0.09000000357627869	2596.7822265625	2655.2197265625	2591.00390625	64.21578216552734	0.0	2604.882568359375	2666.002197265625	2598.841064453125	67.16118621826172	0.0
37	0.0925000011920929	2596.248046875	2654.902587890625	2590.267822265625	64.6347885131836	0.0	2604.772705078125	2665.21435546875	2598.61181640625	66.60257720947266	0.0
38	0.0949999988079071	2596.38525390625	2653.652099609375	2590.373291015625	63.27871322631836	0.0	2604.822265625	2664.6474609375	2598.54150390625	66.10591888427734	0.0
39	0.09749999642372131	2596.52587890625	2653.6103515625	2590.3583984375	63.25193405151367	0.0	2604.7197265625	2663.973876953125	2598.3125	65.66134643554688	0.0
40	0.10000000149011612	2596.151123046875	2652.77294921875	2589.8603515625	62.912696838378906	0.0	2604.626708984375	2663.263916015625	2598.1083984375	65.15546417236328	0.0
41	0.10249999910593033	2596.866455078125	2652.917236328125	2590.465087890625	62.45211410522461	0.0	2604.7841796875	2662.88623046875	2598.145751953125	64.7405776977539	0.0
42	0.10499999672174454	2596.07470703125	2651.363525390625	2589.588134765625	61.775474548339844	0.0	2604.66259765625	2662.15576171875	2597.918701171875	64.2370834350586	0.0
43	0.10750000178813934	2596.598876953125	2651.31298828125	2590.008056640625	61.30501937866211	0.0	2604.73486328125	2661.7412109375	2597.866455078125	63.874874114990234	0.0
44	0.10999999940395355	2595.951171875	2650.71484375	2589.181884765625	61.5328369140625	0.0	2604.618408203125	2660.97412109375	2597.64892578125	63.32511520385742	0.0
45	0.11249999701976776	2596.818603515625	2650.732421875	2589.983642578125	60.748661041259766	0.0	2604.756591796875	2660.67138671875	2597.6689453125	63.00248718261719	0.0
46	0.11500000208616257	2596.000732421875	2649.267822265625	2589.077880859375	60.189971923828125	0.0	2604.693359375	2660.00439453125	2597.506103515625	62.49819564819336	0.0
47	0.11749999970197678	2596.197021484375	2649.02490234375	2589.1640625	59.86088562011719	0.0	2604.64404296875	2659.478271484375	2597.34130859375	62.13694763183594	0.0
48	0.11999999731779099	2595.828857421875	2648.265380859375	2588.677490234375	59.587921142578125	0.0	2604.689697265625	2658.99755859375	2597.2890625	61.70840072631836	0.0
49	0.12250000238418579	2596.5478515625	2648.394775390625	2589.309326171875	59.0853385925293	0.0	2604.752197265625	2658.52880859375	2597.245361328125	61.28348159790039	0.0
50	0.125	2596.048583984375	2647.640380859375	2588.67822265625	58.96211624145508	0.0	2604.780029296875	2658.074951171875	2597.165771484375	60.90906524658203	0.0
51	0.1274999976158142	2596.24365234375	2647.34521484375	2588.777099609375	58.56821823120117	0.0	2604.749267578125	2657.529541015625	2597.031494140625	60.498146057128906	0.0
52	0.12999999523162842	2596.228515625	2646.80078125	2588.67236328125	58.12841033935547	0.0	2604.890625	2657.2412109375	2597.067138671875	60.17409133911133	0.0
53	0.13249999284744263	2596.501953125	2646.36669921875	2588.885986328125	57.48064041137695	0.0	2604.797607421875	2656.65771484375	2596.87841796875	59.779300689697266	0.0
54	0.13500000536441803	2596.19580078125	2646.002685546875	2588.421875	57.58088302612305	0.0	2604.8291015625	2656.279296875	2596.8017578125	59.4775276184082	0.0
55	0.13750000298023224	2597.3564453125	2646.752197265625	2589.483154296875	57.268959045410156	0.0	2604.868408203125	2655.834228515625	2596.739501953125	59.09465026855469	0.0
56	0.14000000059604645	2596.258544921875	2645.047607421875	2588.316650390625	56.7308464050293	0.0	2604.9052734375	2655.421630859375	2596.681884765625	58.73965072631836	0.0
57	0.14249999821186066	2596.30224609375	2644.659912109375	2588.267822265625	56.39215087890625	0.0	2604.99755859375	2655.115966796875	2596.67236328125	58.44356918334961	0.0
58	0.14499999582767487	2596.392578125	2644.087158203125	2588.302490234375	55.78459167480469	0.0	2604.992919921875	2654.6826171875	2596.57080078125	58.11190414428711	0.0
59	0.14749999344348907	2596.4580078125	2644.04833984375	2588.22314453125	55.8250732421875	0.0	2605.03466796875	2654.288330078125	2596.515869140625	57.77245330810547	0.0
60	0.15000000596046448	2596.97021484375	2644.420166015625	2588.5966796875	55.8234748840332	0.0	2605.1640625	2654.02392578125	2596.540771484375	57.48318099975586	0.0
61	0.1525000035762787	2596.195556640625	2643.06591796875	2587.762451171875	55.30335235595703	0.0	2605.11962890625	2653.63037109375	2596.39404296875	57.23639678955078	0.0
62	0.1550000011920929	2596.3740234375	2642.848876953125	2587.848876953125	55.00010681152344	0.0	2605.116455078125	2653.21484375	2596.29150390625	56.923255920410156	0.0
63	0.1574999988079071	2596.92041015625	2642.936767578125	2588.319580078125	54.617286682128906	0.0	2605.171142578125	2652.8525390625	2596.261474609375	56.5909538269043	0.0
64	0.1599999964237213	2597.224609375	2642.753173828125	2588.552490234375	54.20077133178711	0.0	2605.20166015625	2652.55908203125	2596.1767578125	56.38223648071289	0.0
65	0.16249999403953552	2598.24462890625	2643.687255859375	2589.426513671875	54.2608528137207	0.0	2605.337890625	2652.338623046875	2596.221435546875	56.11724090576172	0.0
66	0.16500000655651093	2597.072021484375	2642.07568359375	2588.1787109375	53.89696502685547	0.0	2605.27880859375	2651.917724609375	2596.05908203125	55.858760833740234	0.0
67	0.16750000417232513	2596.9462890625	2641.9306640625	2587.89501953125	54.035614013671875	0.0	2605.4052734375	2651.658935546875	2596.098876953125	55.559940338134766	0.0
68	0.17000000178813934	2597.034912109375	2641.44970703125	2587.94091796875	53.50874710083008	0.0	2605.387939453125	2651.3349609375	2595.977783203125	55.35721206665039	0.0
69	0.17249999940395355	2597.755126953125	2641.829833984375	2588.568115234375	53.261634826660156	0.0	2605.44384765625	2650.97021484375	2595.9501953125	55.0198974609375	0.0
70	0.17499999701976776	2597.619873046875	2641.259765625	2588.36181640625	52.89796829223633	0.0	2605.508056640625	2650.736083984375	2595.916259765625	54.819881439208984	0.0
71	0.17749999463558197	2597.366943359375	2641.0068359375	2587.94873046875	53.058101654052734	0.0	2605.620361328125	2650.49755859375	2595.9384765625	54.55917739868164	0.0
72	0.18000000715255737	2597.339599609375	2640.227294921875	2587.92529296875	52.30195617675781	0.0	2605.741455078125	2650.2607421875	2595.958984375	54.30187225341797	0.0
73	0.18250000476837158	2597.59814453125	2640.099609375	2588.109619140625	51.989898681640625	0.0	2605.71240234375	2649.861572265625	2595.855224609375	54.00637435913086	0.0
74	0.1850000023841858	2597.289306640625	2639.64208984375	2587.67529296875	51.96677017211914	0.0	2605.763671875	2649.609619140625	2595.811767578125	53.7977409362793	0.0
75	0.1875	2598.145263671875	2640.144775390625	2588.455078125	51.6895866394043	0.0	2605.779541015625	2649.324462890625	2595.733154296875	53.59136962890625	0.0
76	0.1899999976158142	2597.6376953125	2639.49853515625	2587.8203125	51.678287506103516	0.0	2605.90380859375	2649.129150390625	2595.762939453125	53.366180419921875	0.0
77	0.19249999523162842	2597.87548828125	2639.28515625	2588.00390625	51.281131744384766	0.0	2606.017333984375	2648.9072265625	2595.792236328125	53.11498260498047	0.0
78	0.19499999284744263	2597.462890625	2638.672119140625	2587.47998046875	51.19212341308594	0.0	2605.97265625	2648.58349609375	2595.64892578125	52.934627532958984	0.0
79	0.19750000536441803	2597.862548828125	2638.6240234375	2587.83203125	50.7918815612793	0.0	2606.063232421875	2648.34716796875	2595.656005859375	52.691226959228516	0.0
80	0.20000000298023224	2598.191650390625	2639.001220703125	2587.986572265625	51.0146598815918	0.0	2606.1083984375	2648.09912109375	2595.604736328125	52.49443817138672	0.0
81	0.20250000059604645	2598.855712890625	2638.9033203125	2588.68798828125	50.215450286865234	0.0	2606.166748046875	2647.876953125	2595.5771484375	52.29970169067383	0.0
82	0.20499999821186066	2597.959716796875	2637.8671875	2587.669677734375	50.197418212890625	0.0	2606.26904296875	2647.6533203125	2595.59228515625	52.06096267700195	0.0
83	0.20749999582767487	2598.345947265625	2637.97607421875	2587.96923828125	50.006954193115234	0.0	2606.36328125	2647.49072265625	2595.599609375	51.890995025634766	0.0
84	0.20999999344348907	2597.90234375	2637.249267578125	2587.443359375	49.80598449707031	0.0	2606.339111328125	2647.15087890625	2595.48974609375	51.66123962402344	0.0
85	0.21250000596046448	2598.249267578125	2637.178466796875	2587.744873046875	49.433475494384766	0.0	2606.464111328125	2646.9423828125	2595.5478515625	51.39453887939453	0.0
86	0.2150000035762787	2598.5673828125	2637.599853515625	2587.876708984375	49.723175048828125	0.0	2606.5634765625	2646.78857421875	2595.55126953125	51.237327575683594	0.0
87	0.2175000011920929	2598.47119140625	2636.90576171875	2587.7890625	49.11662673950195	0.0	2606.539794921875	2646.45849609375	2595.4375	51.020877838134766	0.0
88	0.2199999988079071	2599.076171875	2637.4599609375	2588.25048828125	49.20950698852539	0.0	2606.65283203125	2646.265869140625	2595.48095703125	50.78488540649414	0.0
89	0.2224999964237213	2598.85400390625	2636.719482421875	2588.01953125	48.699947357177734	0.0	2606.701416015625	2646.06298828125	2595.43212890625	50.63077926635742	0.0
90	0.22499999403953552	2598.88525390625	2636.38427734375	2587.99853515625	48.3858528137207	0.0	2606.734130859375	2645.8125	2595.386962890625	50.42544937133789	0.0
91	0.22750000655651093	2598.9033203125	2636.412109375	2587.855712890625	48.55644226074219	0.0	2606.908935546875	2645.7021484375	2595.479248046875	50.222957611083984	0.0
92	0.23000000417232513	2599.443359375	2636.263427734375	2588.447021484375	47.816314697265625	0.0	2606.947265625	2645.510009765625	2595.435791015625	50.074222564697266	0.0
93	0.23250000178813934	2599.33984375	2636.257080078125	2588.15576171875	48.10130310058594	0.0	2607.033203125	2645.319580078125	2595.4375	49.88196563720703	0.0
94	0.23499999940395355	2598.990966796875	2635.7666015625	2587.695068359375	48.07144546508789	0.0	2607.054443359375	2645.027587890625	2595.38525390625	49.64244842529297	0.0
95	0.23749999701976776	2599.374755859375	2635.763671875	2588.040283203125	47.7235107421875	0.0	2607.1669921875	2644.91357421875	2595.412841796875	49.5008430480957	0.0
96	0.23999999463558197	2599.598876953125	2635.534912109375	2588.250732421875	47.28409194946289	0.0	2607.29052734375	2644.785888671875	2595.45166015625	49.334136962890625	0.0
97	0.24250000715255737	2599.238525390625	2635.20849609375	2587.723876953125	47.48450469970703	0.0	2607.3251953125	2644.521728515625	2595.413330078125	49.108367919921875	0.0
98	0.24500000476837158	2599.63916015625	2635.01220703125	2588.162353515625	46.84995651245117	0.0	2607.33056640625	2644.3212890625	2595.33349609375	48.98782730102539	0.0
99	0.2475000023841858	2599.6240234375	2634.802490234375	2588.05126953125	46.751220703125	0.0	2607.40185546875	2644.089111328125	2595.3310546875	48.75802993774414	0.0
100	0.25	2599.70703125	2634.631591796875	2588.065185546875	46.56639862060547	0.0	2607.509765625	2643.970947265625	2595.3525390625	48.61845779418945	0.0
101	0.2524999976158142	2599.48779296875	2634.243408203125	2587.745849609375	46.49757766723633	0.0	2607.618896484375	2643.81298828125	2595.39111328125	48.42176818847656	0.0
102	0.2549999952316284	2600.35595703125	2634.831787109375	2588.554443359375	46.277320861816406	0.0	2607.67138671875	2643.64697265625	2595.353271484375	48.29373550415039	0.0
103	0.2574999928474426	2600.178955078125	2634.291259765625	2588.34765625	45.94356155395508	0.0	2607.72314453125	2643.441650390625	2595.331787109375	48.10975646972656	0.0
104	0.25999999046325684	2600.03955078125	2634.0595703125	2588.0849609375	45.97469711303711	0.0	2607.8984375	2643.383056640625	2595.43115234375	47.95185852050781	0.0
105	0.26249998807907104	2599.96533203125	2633.705810546875	2587.95703125	45.74876403808594	0.0	2607.744384765625	2642.94287109375	2595.20947265625	47.733463287353516	0.0
106	0.26499998569488525	2600.7197265625	2634.446044921875	2588.560791015625	45.885196685791016	0.0	2607.994384765625	2642.971923828125	2595.37841796875	47.59355545043945	0.0
107	0.26750001311302185	2600.4345703125	2633.816650390625	2588.24462890625	45.57198715209961	0.0	2607.954833984375	2642.69921875	2595.2666015625	47.43262481689453	0.0
108	0.27000001072883606	2600.2392578125	2632.942138671875	2588.1455078125	44.79655075073242	0.0	2608.050048828125	2642.540771484375	2595.291015625	47.24966049194336	0.0
109	0.27250000834465027	2600.46435546875	2633.53369140625	2588.077392578125	45.4562873840332	0.0	2608.160400390625	2642.40625	2595.323486328125	47.08277130126953	0.0
110	0.2750000059604645	2600.283447265625	2632.9072265625	2587.908935546875	44.9984016418457	0.0	2608.18994140625	2642.203125	2595.286376953125	46.91667175292969	0.0
111	0.2775000035762787	2600.52783203125	2632.91650390625	2588.08740234375	44.8289794921875	0.0	2608.299560546875	2642.0693359375	2595.32958984375	46.73971939086914	0.0
112	0.2800000011920929	2600.72705078125	2633.01123046875	2588.17236328125	44.83882522583008	0.0	2608.331787109375	2641.91064453125	2595.271240234375	46.63945770263672	0.0
113	0.2824999988079071	2600.6962890625	2632.81396484375	2588.048828125	44.76504135131836	0.0	2608.366943359375	2641.7216796875	2595.240966796875	46.48067855834961	0.0
114	0.2849999964237213	2601.287353515625	2633.071044921875	2588.61572265625	44.45542907714844	0.0	2608.493408203125	2641.60595703125	2595.291015625	46.31496047973633	0.0
115	0.2874999940395355	2600.884033203125	2632.43798828125	2588.150634765625	44.287288665771484	0.0	2608.58203125	2641.500732421875	2595.29931640625	46.20133972167969	0.0
116	0.28999999165534973	2601.715087890625	2633.04541015625	2588.91796875	44.127437591552734	0.0	2608.596435546875	2641.24609375	2595.2587890625	45.98720932006836	0.0
117	0.29249998927116394	2601.265380859375	2632.082763671875	2588.5244140625	43.55839538574219	0.0	2608.7236328125	2641.169677734375	2595.30712890625	45.86247253417969	0.0
118	0.29499998688697815	2601.240234375	2632.105224609375	2588.323974609375	43.7811393737793	0.0	2608.81884765625	2641.05859375	2595.326416015625	45.732276916503906	0.0
119	0.29750001430511475	2601.349365234375	2631.978515625	2588.3779296875	43.60070037841797	0.0	2608.89501953125	2640.873046875	2595.353515625	45.51963424682617	0.0
120	0.30000001192092896	2601.67626953125	2632.10009765625	2588.6376953125	43.462284088134766	0.0	2608.95361328125	2640.72509765625	2595.335205078125	45.389949798583984	0.0
121	0.30250000953674316	2601.50537109375	2631.79833984375	2588.364501953125	43.43378829956055	0.0	2609.078857421875	2640.652099609375	2595.3955078125	45.256614685058594	0.0
122	0.3050000071525574	2602.423095703125	2632.643310546875	2589.16015625	43.48307800292969	0.0	2608.9794921875	2640.338134765625	2595.21484375	45.12323760986328	0.0
123	0.3075000047683716	2601.65869140625	2631.593017578125	2588.366455078125	43.22662353515625	0.0	2609.1767578125	2640.296875	2595.357421875	44.93933868408203	0.0
124	0.3100000023841858	2602.15185546875	2631.711669921875	2588.872314453125	42.839298248291016	0.0	2609.195556640625	2640.10595703125	2595.3095703125	44.796329498291016	0.0
125	0.3125	2602.44287109375	2631.840576171875	2589.078857421875	42.76178741455078	0.0	2609.31884765625	2640.0390625	2595.35205078125	44.68708038330078	0.0
126	0.3149999976158142	2602.14208984375	2631.502685546875	2588.64208984375	42.86053466796875	0.0	2609.36962890625	2639.87451171875	2595.340087890625	44.53440856933594	0.0
127	0.3174999952316284	2602.479248046875	2631.448486328125	2589.00244140625	42.44609832763672	0.0	2609.473876953125	2639.772705078125	2595.375	44.39765167236328	0.0
128	0.3199999928474426	2602.2587890625	2630.84619140625	2588.804443359375	42.041778564453125	0.0	2609.532958984375	2639.591796875	2595.385009765625	44.20682144165039	0.0
129	0.32249999046325684	2603.01025390625	2631.503662109375	2589.448974609375	42.05477523803711	0.0	2609.572021484375	2639.45556640625	2595.347412109375	44.1082763671875	0.0
130	0.32499998807907104	2602.704833984375	2630.84765625	2589.153076171875	41.694488525390625	0.0	2609.695556640625	2639.381591796875	2595.4111328125	43.97036361694336	0.0
131	0.32749998569488525	2603.008056640625	2631.12890625	2589.31396484375	41.814842224121094	0.0	2609.71630859375	2639.1728515625	2595.3720703125	43.80080032348633	0.0
132	0.33000001311302185	2602.413330078125	2630.42578125	2588.61376953125	41.8120002746582	0.0	2609.78564453125	2639.0654296875	2595.370361328125	43.695072174072266	0.0
133	0.33250001072883606	2602.91845703125	2630.62890625	2589.114501953125	41.514320373535156	0.0	2609.88427734375	2638.947509765625	2595.4052734375	43.542354583740234	0.0
134	0.33500000834465027	2602.732666015625	2630.218505859375	2588.885009765625	41.33353042602539	0.0	2609.98486328125	2638.87158203125	2595.435546875	43.43609619140625	0.0
135	0.3375000059604645	2602.90283203125	2630.111572265625	2589.03955078125	41.07193374633789	0.0	2610.061767578125	2638.7509765625	2595.449462890625	43.301422119140625	0.0
136	0.3400000035762787	2603.281982421875	2630.662353515625	2589.1787109375	41.483673095703125	0.0	2610.104736328125	2638.589599609375	2595.430908203125	43.158634185791016	0.0
137	0.3425000011920929	2602.970703125	2629.955810546875	2588.91357421875	41.04233169555664	0.0	2610.176025390625	2638.463623046875	2595.443603515625	43.02005386352539	0.0
138	0.3449999988079071	2603.2607421875	2630.089111328125	2589.12939453125	40.9597053527832	0.0	2610.324951171875	2638.454833984375	2595.505859375	42.949031829833984	0.0
139	0.3474999964237213	2603.09326171875	2629.76416015625	2588.891357421875	40.872798919677734	0.0	2610.45361328125	2638.361083984375	2595.5927734375	42.76819610595703	0.0
140	0.3499999940395355	2603.283447265625	2629.62744140625	2589.09716796875	40.53038024902344	0.0	2610.468994140625	2638.184814453125	2595.55078125	42.63397979736328	0.0
141	0.35249999165534973	2603.16943359375	2629.4033203125	2588.887939453125	40.51539993286133	0.0	2610.49072265625	2638.03369140625	2595.495361328125	42.53841018676758	0.0
142	0.35499998927116394	2603.6005859375	2629.654296875	2589.25830078125	40.39606857299805	0.0	2610.54443359375	2637.87890625	2595.50146484375	42.37748718261719	0.0
143	0.35749998688697815	2603.522705078125	2629.6142578125	2589.00732421875	40.60701370239258	0.0	2610.577880859375	2637.727783203125	2595.468994140625	42.25874710083008	0.0
144	0.36000001430511475	2603.64794921875	2629.335205078125	2589.197998046875	40.13713836669922	0.0	2610.7607421875	2637.712158203125	2595.601806640625	42.11037063598633	0.0
145	0.36250001192092896	2603.503173828125	2629.31591796875	2588.8251953125	40.4908332824707	0.0	2610.84228515625	2637.648193359375	2595.610107421875	42.03797912597656	0.0
146	0.36500000953674316	2603.82666015625	2629.33203125	2589.16650390625	40.1654052734375	0.0	2610.803466796875	2637.397705078125	2595.5166015625	41.881046295166016	0.0
147	0.3675000071525574	2604.32421875	2629.70849609375	2589.5771484375	40.131412506103516	0.0	2611.0	2637.4208984375	2595.652587890625	41.76832962036133	0.0
148	0.3700000047683716	2604.222412109375	2628.987548828125	2589.674072265625	39.31348419189453	0.0	2610.97021484375	2637.197021484375	2595.57421875	41.622764587402344	0.0
149	0.3725000023841858	2603.97216796875	2629.091064453125	2589.060302734375	40.03074645996094	0.0	2611.04248046875	2637.09423828125	2595.57666015625	41.51765823364258	0.0
150	0.375	2604.064697265625	2628.697265625	2589.28466796875	39.41268539428711	0.0	2611.083251953125	2636.948974609375	2595.564697265625	41.384254455566406	0.0
151	0.3774999976158142	2604.449951171875	2628.8046875	2589.680908203125	39.123897552490234	0.0	2611.25390625	2636.9462890625	2595.669677734375	41.2765007019043	0.0
152	0.3799999952316284	2604.914306640625	2629.3095703125	2589.96044921875	39.349159240722656	0.0	2611.349853515625	2636.878173828125	2595.7041015625	41.1741828918457	0.0
153	0.3824999928474426	2604.5322265625	2628.804931640625	2589.497314453125	39.307579040527344	0.0	2611.357177734375	2636.70166015625	2595.66015625	41.041526794433594	0.0
154	0.38499999046325684	2604.789794921875	2628.854248046875	2589.7255859375	39.128658294677734	0.0	2611.37451171875	2636.52685546875	2595.629150390625	40.89778137207031	0.0
155	0.38749998807907104	2604.669189453125	2628.634033203125	2589.509765625	39.12428665161133	0.0	2611.5400390625	2636.53271484375	2595.72705078125	40.805686950683594	0.0
156	0.38999998569488525	2604.632568359375	2628.341552734375	2589.474853515625	38.86680603027344	0.0	2611.60546875	2636.428466796875	2595.734375	40.69399642944336	0.0
157	0.39250001311302185	2604.854736328125	2628.478759765625	2589.590087890625	38.888702392578125	0.0	2611.62744140625	2636.2763671875	2595.70068359375	40.575653076171875	0.0
158	0.39500001072883606	2604.73046875	2628.2509765625	2589.373046875	38.87788772583008	0.0	2611.794921875	2636.263671875	2595.81982421875	40.4439697265625	0.0
159	0.39750000834465027	2604.908203125	2628.02587890625	2589.657470703125	38.36847686767578	0.0	2611.781982421875	2636.086181640625	2595.740966796875	40.34510040283203	0.0
160	0.4000000059604645	2604.91162109375	2628.033447265625	2589.495361328125	38.53803253173828	0.0	2611.87939453125	2636.023193359375	2595.78466796875	40.238441467285156	0.0
161	0.4025000035762787	2605.232177734375	2628.02099609375	2589.880126953125	38.140907287597656	0.0	2611.930908203125	2635.90478515625	2595.781494140625	40.12326431274414	0.0
162	0.4050000011920929	2604.963134765625	2627.655029296875	2589.5166015625	38.13832473754883	0.0	2611.994140625	2635.77783203125	2595.8056640625	39.97222137451172	0.0
163	0.4074999988079071	2605.771728515625	2628.38427734375	2590.218017578125	38.166378021240234	0.0	2612.108642578125	2635.749755859375	2595.846435546875	39.90339279174805	0.0
164	0.4099999964237213	2605.55322265625	2627.863525390625	2590.0498046875	37.813758850097656	0.0	2612.154541015625	2635.623779296875	2595.84619140625	39.77766418457031	0.0
165	0.4124999940395355	2605.64453125	2627.92431640625	2590.00341796875	37.92093276977539	0.0	2612.303466796875	2635.620361328125	2595.927001953125	39.69340515136719	0.0
166	0.41499999165534973	2605.4580078125	2627.385986328125	2589.904296875	37.48160934448242	0.0	2612.34228515625	2635.5029296875	2595.91259765625	39.59025192260742	0.0
167	0.41749998927116394	2605.36865234375	2627.39794921875	2589.580078125	37.81782531738281	0.0	2612.377197265625	2635.35693359375	2595.901123046875	39.45570755004883	0.0
168	0.41999998688697815	2605.693359375	2627.433349609375	2589.94970703125	37.48373031616211	0.0	2612.5283203125	2635.3662109375	2595.997802734375	39.36848449707031	0.0
169	0.42250001430511475	2606.11767578125	2627.717529296875	2590.3173828125	37.4002571105957	0.0	2612.537841796875	2635.193115234375	2595.963134765625	39.23002243041992	0.0
170	0.42500001192092896	2605.7353515625	2627.36572265625	2589.74658203125	37.619056701660156	0.0	2612.717529296875	2635.22021484375	2596.08642578125	39.13374710083008	0.0
171	0.42750000953674316	2605.73876953125	2627.010498046875	2589.853759765625	37.15664291381836	0.0	2612.708740234375	2635.061279296875	2596.009765625	39.05142593383789	0.0
172	0.4300000071525574	2606.15673828125	2627.32861328125	2590.187744140625	37.140869140625	0.0	2612.6787109375	2634.833984375	2595.963623046875	38.870357513427734	0.0
173	0.4325000047683716	2606.44482421875	2627.418701171875	2590.45703125	36.96177673339844	0.0	2612.868408203125	2634.9150390625	2596.066162109375	38.84896469116211	0.0
174	0.4350000023841858	2606.04736328125	2626.99365234375	2589.92236328125	37.07133102416992	0.0	2612.997314453125	2634.869873046875	2596.155029296875	38.714778900146484	0.0
175	0.4375	2606.25341796875	2626.97412109375	2590.13818359375	36.83598709106445	0.0	2612.98779296875	2634.712890625	2596.08984375	38.62299346923828	0.0
176	0.4399999976158142	2606.90234375	2627.292236328125	2590.88427734375	36.4079704284668	0.0	2613.068359375	2634.619873046875	2596.13232421875	38.48751449584961	0.0
177	0.4424999952316284	2606.245361328125	2626.663818359375	2590.039794921875	36.62413024902344	0.0	2613.132080078125	2634.535400390625	2596.14404296875	38.39128494262695	0.0
178	0.4449999928474426	2606.0341796875	2626.107177734375	2589.941162109375	36.16609191894531	0.0	2613.2470703125	2634.50830078125	2596.192138671875	38.3160400390625	0.0
179	0.44749999046325684	2606.46875	2626.692138671875	2590.09130859375	36.60087585449219	0.0	2613.294677734375	2634.392578125	2596.2041015625	38.18854904174805	0.0
180	0.44999998807907104	2606.7265625	2626.48046875	2590.565673828125	35.914710998535156	0.0	2613.27587890625	2634.2099609375	2596.1396484375	38.07029342651367	0.0
181	0.45249998569488525	2606.576171875	2626.381103515625	2590.208740234375	36.172306060791016	0.0	2613.4443359375	2634.243896484375	2596.24853515625	37.995243072509766	0.0
182	0.45500001311302185	2606.562744140625	2626.3349609375	2590.052734375	36.28224563598633	0.0	2613.486083984375	2634.138427734375	2596.244873046875	37.893558502197266	0.0
183	0.45750001072883606	2606.71826171875	2625.884521484375	2590.55810546875	35.32642364501953	0.0	2613.5263671875	2634.031005859375	2596.23388671875	37.79719924926758	0.0
184	0.46000000834465027	2606.881591796875	2626.2431640625	2590.389404296875	35.85367965698242	0.0	2613.57763671875	2633.927734375	2596.243896484375	37.68378829956055	0.0
185	0.4625000059604645	2607.002197265625	2626.3173828125	2590.380859375	35.93655014038086	0.0	2613.623046875	2633.82177734375	2596.236572265625	37.5850944519043	0.0
186	0.4650000035762787	2607.53125	2626.529296875	2591.019775390625	35.50960922241211	0.0	2613.758544921875	2633.810546875	2596.332275390625	37.478363037109375	0.0
187	0.4675000011920929	2607.351806640625	2626.27294921875	2590.740966796875	35.53199005126953	0.0	2613.806396484375	2633.728759765625	2596.322509765625	37.40632247924805	0.0
188	0.4699999988079071	2607.394775390625	2626.3798828125	2590.55517578125	35.82476806640625	0.0	2613.887939453125	2633.652587890625	2596.363525390625	37.288944244384766	0.0
189	0.4724999964237213	2607.3583984375	2625.884765625	2590.762451171875	35.12230682373047	0.0	2613.927734375	2633.56201171875	2596.337158203125	37.22488021850586	0.0
190	0.4749999940395355	2608.119384765625	2626.511962890625	2591.478759765625	35.033119201660156	0.0	2613.9892578125	2633.4716796875	2596.363037109375	37.10865020751953	0.0
191	0.47749999165534973	2607.78515625	2626.093505859375	2591.05078125	35.04283905029297	0.0	2614.0693359375	2633.381591796875	2596.410400390625	36.97108840942383	0.0
192	0.47999998927116394	2607.409912109375	2625.591552734375	2590.625	34.96645736694336	0.0	2614.218505859375	2633.424072265625	2596.501220703125	36.92290496826172	0.0
193	0.48249998688697815	2607.550048828125	2625.84521484375	2590.489013671875	35.356117248535156	0.0	2614.09228515625	2633.148193359375	2596.320556640625	36.82771682739258	0.0
194	0.48500001430511475	2607.776123046875	2625.83642578125	2590.766357421875	35.07009506225586	0.0	2614.239990234375	2633.151611328125	2596.435302734375	36.71620559692383	0.0
195	0.48750001192092896	2607.962158203125	2625.49462890625	2591.283935546875	34.21080017089844	0.0	2614.33349609375	2633.14404296875	2596.444091796875	36.700035095214844	0.0
196	0.49000000953674316	2608.195556640625	2626.072021484375	2591.02001953125	35.052066802978516	0.0	2614.41259765625	2633.063720703125	2596.48876953125	36.57502746582031	0.0
197	0.4925000071525574	2608.926025390625	2626.517333984375	2591.855224609375	34.66199493408203	0.0	2614.463134765625	2632.9853515625	2596.493896484375	36.491539001464844	0.0
198	0.4950000047683716	2608.644287109375	2626.004150390625	2591.628662109375	34.37544631958008	0.0	2614.560546875	2632.927978515625	2596.55224609375	36.375831604003906	0.0
199	0.4975000023841858	2608.283203125	2625.6708984375	2591.067626953125	34.60333251953125	0.0	2614.73046875	2632.990478515625	2596.645751953125	36.344608306884766	0.0
200	0.5	2608.462646484375	2625.60546875	2591.322509765625	34.282936096191406	0.0	2614.623046875	2632.708740234375	2596.53759765625	36.17104721069336	0.0
201	0.5024999976158142	2608.442138671875	2625.4326171875	2591.28369140625	34.148956298828125	0.0	2614.84228515625	2632.80859375	2596.693603515625	36.11499786376953	0.0
202	0.5049999952316284	2608.343017578125	2625.455078125	2590.88818359375	34.56694030761719	0.0	2614.846923828125	2632.682373046875	2596.65625	36.02613830566406	0.0
203	0.5074999928474426	2608.755615234375	2625.546142578125	2591.454833984375	34.09120559692383	0.0	2614.962646484375	2632.666259765625	2596.71240234375	35.95396041870117	0.0
204	0.5099999904632568	2608.223876953125	2624.940185546875	2590.82568359375	34.114410400390625	0.0	2614.95654296875	2632.516845703125	2596.67529296875	35.84156799316406	0.0
205	0.512499988079071	2609.005859375	2625.4892578125	2591.67919921875	33.81000518798828	0.0	2615.04150390625	2632.46337890625	2596.7294921875	35.73400115966797	0.0
206	0.5149999856948853	2608.863037109375	2625.494140625	2591.20263671875	34.29158020019531	0.0	2615.1591796875	2632.468017578125	2596.7900390625	35.67793273925781	0.0
207	0.5174999833106995	2609.085205078125	2625.329345703125	2591.66162109375	33.667686462402344	0.0	2615.1474609375	2632.303466796875	2596.744140625	35.559295654296875	0.0
208	0.5199999809265137	2608.797119140625	2625.14599609375	2591.087158203125	34.05876159667969	0.0	2615.169677734375	2632.19677734375	2596.726806640625	35.46995162963867	0.0
209	0.5224999785423279	2608.728271484375	2624.873779296875	2591.06201171875	33.81184387207031	0.0	2615.3095703125	2632.22119140625	2596.802978515625	35.418128967285156	0.0
210	0.5249999761581421	2609.36181640625	2625.299560546875	2591.744384765625	33.555076599121094	0.0	2615.252685546875	2632.017822265625	2596.72412109375	35.293819427490234	0.0
211	0.5274999737739563	2609.05419921875	2624.821044921875	2591.452880859375	33.36823272705078	0.0	2615.560302734375	2632.20751953125	2596.970947265625	35.23646545410156	0.0
212	0.5299999713897705	2609.732666015625	2625.2919921875	2592.187744140625	33.104248046875	0.0	2615.53076171875	2632.0400390625	2596.9189453125	35.12112045288086	0.0
213	0.5325000286102295	2609.575439453125	2625.12158203125	2591.86767578125	33.253787994384766	0.0	2615.568359375	2631.955810546875	2596.8984375	35.05728530883789	0.0
214	0.5350000262260437	2609.934326171875	2625.410400390625	2592.1318359375	33.27851867675781	0.0	2615.598388671875	2631.85693359375	2596.896484375	34.96037292480469	0.0
215	0.5375000238418579	2609.47216796875	2624.7880859375	2591.674072265625	33.11391830444336	0.0	2615.726806640625	2631.871337890625	2596.966552734375	34.90486526489258	0.0
216	0.5400000214576721	2609.914794921875	2625.08935546875	2592.099609375	32.989749908447266	0.0	2615.783935546875	2631.80224609375	2596.994384765625	34.80794906616211	0.0
217	0.5425000190734863	2609.9931640625	2624.96826171875	2592.236328125	32.73197555541992	0.0	2615.828369140625	2631.710205078125	2596.99755859375	34.712528228759766	0.0
218	0.5450000166893005	2609.54541015625	2624.484619140625	2591.654541015625	32.83018493652344	0.0	2615.993896484375	2631.7578125	2597.106689453125	34.65102767944336	0.0
219	0.5475000143051147	2610.255615234375	2625.3779296875	2591.957763671875	33.42027282714844	0.0	2616.02978515625	2631.673583984375	2597.092529296875	34.58098602294922	0.0
220	0.550000011920929	2610.167724609375	2624.841064453125	2592.234619140625	32.60646057128906	0.0	2616.136474609375	2631.641357421875	2597.1845703125	34.45687484741211	0.0
221	0.5525000095367432	2609.854248046875	2624.3359375	2591.975830078125	32.36006164550781	0.0	2616.1318359375	2631.524169921875	2597.132080078125	34.39210510253906	0.0
222	0.5550000071525574	2609.95556640625	2624.380126953125	2591.965087890625	32.41510772705078	0.0	2616.226318359375	2631.4921875	2597.185302734375	34.30699920654297	0.0
223	0.5575000047683716	2609.967041015625	2624.41748046875	2591.768310546875	32.649147033691406	0.0	2616.376220703125	2631.51708984375	2597.300537109375	34.21644592285156	0.0
224	0.5600000023841858	2610.238525390625	2624.357666015625	2592.271728515625	32.085853576660156	0.0	2616.27685546875	2631.2939453125	2597.160888671875	34.133052825927734	0.0
225	0.5625	2610.413330078125	2624.52734375	2592.266357421875	32.260990142822266	0.0	2616.384521484375	2631.279541015625	2597.240966796875	34.03864669799805	0.0
226	0.5649999976158142	2610.759765625	2624.79931640625	2592.52392578125	32.27540588378906	0.0	2616.430908203125	2631.217529296875	2597.23486328125	33.98273849487305	0.0
227	0.5674999952316284	2611.2099609375	2625.108642578125	2592.974609375	32.13404083251953	0.0	2616.5205078125	2631.1904296875	2597.274169921875	33.916358947753906	0.0
228	0.5699999928474426	2610.718994140625	2624.4189453125	2592.55859375	31.86035919189453	0.0	2616.562744140625	2631.092041015625	2597.293701171875	33.79841613769531	0.0
229	0.5724999904632568	2610.4580078125	2624.0986328125	2592.19189453125	31.906679153442383	0.0	2616.719970703125	2631.1396484375	2597.400146484375	33.739601135253906	0.0
230	0.574999988079071	2611.133544921875	2624.607421875	2592.902587890625	31.70491600036621	0.0	2616.6982421875	2631.017822265625	2597.328125	33.68971633911133	0.0
231	0.5774999856948853	2610.4501953125	2623.77294921875	2592.23779296875	31.535261154174805	0.0	2616.784423828125	2630.966796875	2597.394775390625	33.57194519042969	0.0
232	0.5799999833106995	2610.622802734375	2623.883056640625	2592.315185546875	31.56792449951172	0.0	2616.867431640625	2630.942138671875	2597.44384765625	33.49828338623047	0.0
233	0.5824999809265137	2610.886962890625	2624.149169921875	2592.38427734375	31.764942169189453	0.0	2616.939697265625	2630.888427734375	2597.47314453125	33.41533279418945	0.0
234	0.5849999785423279	2611.067626953125	2624.157470703125	2592.615966796875	31.541606903076172	0.0	2617.0341796875	2630.876220703125	2597.52880859375	33.347408294677734	0.0
235	0.5874999761581421	2611.4462890625	2624.38232421875	2593.019775390625	31.362510681152344	0.0	2617.151611328125	2630.865966796875	2597.617919921875	33.24796676635742	0.0
236	0.5899999737739563	2611.105224609375	2624.02001953125	2592.520751953125	31.499156951904297	0.0	2617.051513671875	2630.65966796875	2597.4677734375	33.19190979003906	0.0
237	0.5924999713897705	2611.198974609375	2623.945556640625	2592.668212890625	31.277332305908203	0.0	2617.13330078125	2630.614013671875	2597.5322265625	33.0816764831543	0.0
238	0.5950000286102295	2611.779052734375	2624.40576171875	2593.2236328125	31.182100296020508	0.0	2617.242431640625	2630.62109375	2597.588623046875	33.03235626220703	0.0
239	0.5975000262260437	2611.739013671875	2624.24365234375	2593.18115234375	31.0625	0.0	2617.336181640625	2630.602783203125	2597.64892578125	32.95381546020508	0.0
240	0.6000000238418579	2611.651123046875	2624.030029296875	2593.083251953125	30.94683265686035	0.0	2617.40625	2630.5625	2597.673095703125	32.88948440551758	0.0
241	0.6025000214576721	2611.133056640625	2623.466064453125	2592.4375	31.028648376464844	0.0	2617.354736328125	2630.377685546875	2597.61376953125	32.7639274597168	0.0
242	0.6050000190734863	2611.621337890625	2623.791259765625	2592.97705078125	30.814111709594727	0.0	2617.581787109375	2630.5146484375	2597.783935546875	32.73074722290039	0.0
243	0.6075000166893005	2611.77197265625	2623.7275390625	2593.266845703125	30.460805892944336	0.0	2617.58154296875	2630.38818359375	2597.759765625	32.628379821777344	0.0
244	0.6100000143051147	2611.643310546875	2623.62451171875	2592.90576171875	30.718734741210938	0.0	2617.56201171875	2630.275634765625	2597.680908203125	32.594764709472656	0.0
245	0.612500011920929	2611.53515625	2623.50927734375	2592.606689453125	30.902570724487305	0.0	2617.7587890625	2630.35107421875	2597.851318359375	32.49974822998047	0.0
246	0.6150000095367432	2612.1142578125	2623.9716796875	2593.170654296875	30.800981521606445	0.0	2617.745849609375	2630.215576171875	2597.825439453125	32.390159606933594	0.0
247	0.6175000071525574	2612.100830078125	2623.9423828125	2592.98583984375	30.956544876098633	0.0	2617.78662109375	2630.15185546875	2597.82373046875	32.32821273803711	0.0
248	0.6200000047683716	2611.88037109375	2623.39501953125	2593.0947265625	30.30038833618164	0.0	2617.9375	2630.19873046875	2597.947021484375	32.25181198120117	0.0
249	0.6225000023841858	2612.0673828125	2623.60791015625	2593.034423828125	30.573402404785156	0.0	2617.986083984375	2630.13720703125	2597.9541015625	32.183013916015625	0.0
250	0.625	2612.322021484375	2623.642578125	2593.456298828125	30.18621253967285	0.0	2617.966552734375	2630.004638671875	2597.910400390625	32.09412384033203	0.0
251	0.6274999976158142	2612.507080078125	2623.721923828125	2593.615966796875	30.105945587158203	0.0	2618.044189453125	2629.9716796875	2597.9599609375	32.01171875	0.0
252	0.6299999952316284	2612.179931640625	2623.381103515625	2593.108642578125	30.272418975830078	0.0	2618.16162109375	2629.993896484375	2598.017333984375	31.976591110229492	0.0
253	0.6324999928474426	2612.55908203125	2623.6064453125	2593.5478515625	30.05859375	0.0	2618.1298828125	2629.845458984375	2597.970458984375	31.874969482421875	0.0
254	0.6349999904632568	2612.761962890625	2623.62255859375	2593.868408203125	29.75415802001953	0.0	2618.272216796875	2629.88134765625	2598.08642578125	31.794919967651367	0.0
255	0.637499988079071	2613.076904296875	2623.8701171875	2594.09130859375	29.77869415283203	0.0	2618.306396484375	2629.80615234375	2598.071044921875	31.735206604003906	0.0
256	0.6399999856948853	2612.382568359375	2623.18701171875	2593.175048828125	30.011905670166016	0.0	2618.3408203125	2629.732421875	2598.079345703125	31.65316390991211	0.0
257	0.6424999833106995	2612.697021484375	2623.310546875	2593.620361328125	29.690134048461914	0.0	2618.4794921875	2629.777587890625	2598.1728515625	31.604833602905273	0.0
258	0.6449999809265137	2613.03271484375	2623.593505859375	2593.846923828125	29.746566772460938	0.0	2618.4970703125	2629.67919921875	2598.177734375	31.501564025878906	0.0
259	0.6474999785423279	2613.22705078125	2623.658935546875	2594.070068359375	29.5888614654541	0.0	2618.611328125	2629.691162109375	2598.266357421875	31.42485809326172	0.0
260	0.6499999761581421	2613.111328125	2623.541748046875	2593.740478515625	29.801158905029297	0.0	2618.54248046875	2629.5126953125	2598.183837890625	31.32888412475586	0.0
261	0.6524999737739563	2613.317138671875	2623.491455078125	2594.2138671875	29.277563095092773	0.0	2618.647216796875	2629.5126953125	2598.2490234375	31.26365852355957	0.0
262	0.6549999713897705	2613.140380859375	2623.319091796875	2593.81640625	29.50269889831543	0.0	2618.842529296875	2629.614501953125	2598.384521484375	31.229867935180664	0.0
263	0.6575000286102295	2613.13720703125	2623.199462890625	2593.81689453125	29.382686614990234	0.0	2618.80810546875	2629.46923828125	2598.323974609375	31.145339965820312	0.0
264	0.6600000262260437	2612.746337890625	2622.6455078125	2593.52734375	29.118120193481445	0.0	2618.75927734375	2629.312255859375	2598.2666015625	31.045635223388672	0.0
265	0.6625000238418579	2613.232421875	2623.083251953125	2593.8974609375	29.18581771850586	0.0	2618.89892578125	2629.362060546875	2598.37255859375	30.98952865600586	0.0
266	0.6650000214576721	2613.23828125	2623.05908203125	2593.73779296875	29.321298599243164	0.0	2619.07470703125	2629.43310546875	2598.516845703125	30.9163818359375	0.0
267	0.6675000190734863	2613.683349609375	2623.34130859375	2594.296630859375	29.044675827026367	0.0	2619.012939453125	2629.26611328125	2598.42041015625	30.845657348632812	0.0
268	0.6700000166893005	2613.7236328125	2623.186767578125	2594.510986328125	28.675832748413086	0.0	2619.23876953125	2629.40087890625	2598.625	30.775758743286133	0.0
269	0.6725000143051147	2613.34033203125	2622.93115234375	2593.651123046875	29.280071258544922	0.0	2619.08740234375	2629.139892578125	2598.431884765625	30.70810890197754	0.0
270	0.675000011920929	2613.500732421875	2622.836669921875	2594.1142578125	28.72237205505371	0.0	2619.19775390625	2629.153076171875	2598.522705078125	30.630264282226562	0.0
271	0.6775000095367432	2614.0986328125	2623.4208984375	2594.514892578125	28.906078338623047	0.0	2619.325927734375	2629.19580078125	2598.5947265625	30.601119995117188	0.0
272	0.6800000071525574	2613.944091796875	2623.18798828125	2594.298828125	28.88919448852539	0.0	2619.2626953125	2629.022705078125	2598.533203125	30.489416122436523	0.0
273	0.6825000047683716	2614.043701171875	2623.172607421875	2594.41455078125	28.758087158203125	0.0	2619.467529296875	2629.12939453125	2598.670654296875	30.45876121520996	0.0
274	0.6850000023841858	2614.181884765625	2623.223876953125	2594.520263671875	28.70353126525879	0.0	2619.4140625	2628.978271484375	2598.613037109375	30.36531639099121	0.0
275	0.6875	2614.270751953125	2623.205322265625	2594.61181640625	28.593523025512695	0.0	2619.474853515625	2628.94384765625	2598.642333984375	30.301605224609375	0.0
276	0.6899999976158142	2613.8603515625	2622.75439453125	2594.06640625	28.688037872314453	0.0	2619.517578125	2628.888427734375	2598.65625	30.232145309448242	0.0
277	0.6924999952316284	2614.312744140625	2623.11962890625	2594.472412109375	28.647188186645508	0.0	2619.575439453125	2628.8515625	2598.685546875	30.166112899780273	0.0
278	0.6949999928474426	2613.89306640625	2622.522705078125	2594.232421875	28.290292739868164	0.0	2619.70654296875	2628.88525390625	2598.8056640625	30.079545974731445	0.0
279	0.6974999904632568	2614.290283203125	2622.8984375	2594.445556640625	28.45278549194336	0.0	2619.813720703125	2628.884521484375	2598.879638671875	30.004955291748047	0.0
280	0.699999988079071	2614.391357421875	2622.83203125	2594.69921875	28.132734298706055	0.0	2619.827880859375	2628.8154296875	2598.85693359375	29.958492279052734	0.0
281	0.7024999856948853	2614.5390625	2622.98291015625	2594.59423828125	28.388748168945312	0.0	2619.85498046875	2628.758056640625	2598.85498046875	29.90300750732422	0.0
282	0.7049999833106995	2615.618408203125	2623.8544921875	2595.93896484375	27.915409088134766	0.0	2619.836669921875	2628.629150390625	2598.8349609375	29.794191360473633	0.0
283	0.7074999809265137	2614.63330078125	2622.841552734375	2594.772216796875	28.069238662719727	0.0	2619.92724609375	2628.628662109375	2598.861328125	29.767215728759766	0.0
284	0.7099999785423279	2615.079345703125	2623.17626953125	2595.25537109375	27.920970916748047	0.0	2619.974609375	2628.59375	2598.88916015625	29.704519271850586	0.0
285	0.7124999761581421	2615.0087890625	2622.973876953125	2595.26904296875	27.70474624633789	0.0	2620.068359375	2628.588623046875	2598.956298828125	29.63239097595215	0.0
286	0.7149999737739563	2615.056884765625	2623.01025390625	2595.104736328125	27.905603408813477	0.0	2620.0654296875	2628.494140625	2598.92578125	29.568437576293945	0.0
287	0.7174999713897705	2614.861083984375	2622.810791015625	2594.66796875	28.14280891418457	0.0	2620.123291015625	2628.467041015625	2598.943359375	29.523618698120117	0.0
288	0.7200000286102295	2614.961669921875	2622.72412109375	2595.00341796875	27.720623016357422	0.0	2620.205322265625	2628.442626953125	2599.005126953125	29.437488555908203	0.0
289	0.7225000262260437	2614.852783203125	2622.5732421875	2594.754150390625	27.819122314453125	0.0	2620.3193359375	2628.479248046875	2599.064208984375	29.415042877197266	0.0
290	0.7250000238418579	2614.923095703125	2622.569580078125	2594.76220703125	27.8073787689209	0.0	2620.374267578125	2628.453369140625	2599.07958984375	29.373714447021484	0.0
291	0.7275000214576721	2615.19384765625	2622.767822265625	2594.97705078125	27.790748596191406	0.0	2620.39501953125	2628.3779296875	2599.06982421875	29.30801010131836	0.0
292	0.7300000190734863	2615.30419921875	2622.6923828125	2595.322021484375	27.370248794555664	0.0	2620.455810546875	2628.3544921875	2599.10546875	29.249122619628906	0.0
293	0.7325000166893005	2615.43310546875	2622.771484375	2595.34326171875	27.428173065185547	0.0	2620.504150390625	2628.30517578125	2599.134033203125	29.17112159729004	0.0
294	0.7350000143051147	2615.403564453125	2622.701416015625	2595.158447265625	27.543039321899414	0.0	2620.548583984375	2628.2607421875	2599.156494140625	29.10414695739746	0.0
295	0.737500011920929	2615.94580078125	2623.10205078125	2595.836669921875	27.265430450439453	0.0	2620.5595703125	2628.18994140625	2599.109619140625	29.080411911010742	0.0
296	0.7400000095367432	2615.560546875	2622.70263671875	2595.24267578125	27.459928512573242	0.0	2620.656982421875	2628.196044921875	2599.20458984375	28.991535186767578	0.0
297	0.7425000071525574	2615.07177734375	2622.075927734375	2594.878173828125	27.19773292541504	0.0	2620.716552734375	2628.17578125	2599.20849609375	28.9671688079834	0.0
298	0.7450000047683716	2615.3046875	2622.241943359375	2595.036865234375	27.20506477355957	0.0	2620.72021484375	2628.091064453125	2599.1884765625	28.90250015258789	0.0
299	0.7475000023841858	2615.934814453125	2622.8408203125	2595.495849609375	27.344951629638672	0.0	2620.859619140625	2628.146728515625	2599.291748046875	28.854877471923828	0.0
300	0.75	2615.673583984375	2622.49267578125	2595.216552734375	27.276037216186523	0.0	2620.946044921875	2628.137939453125	2599.36328125	28.774585723876953	0.0
301	0.7524999976158142	2615.9814453125	2622.725341796875	2595.47119140625	27.254175186157227	0.0	2621.094970703125	2628.2177734375	2599.44580078125	28.772050857543945	0.0
302	0.7549999952316284	2615.864013671875	2622.459716796875	2595.542724609375	26.917011260986328	0.0	2620.9765625	2628.000732421875	2599.331787109375	28.66887855529785	0.0
303	0.7574999928474426	2616.046630859375	2622.5712890625	2595.673828125	26.897411346435547	0.0	2621.1728515625	2628.107421875	2599.483642578125	28.623899459838867	0.0
304	0.7599999904632568	2616.77587890625	2623.154541015625	2596.57421875	26.580280303955078	0.0	2621.07421875	2627.93359375	2599.366455078125	28.567136764526367	0.0
305	0.762499988079071	2615.964111328125	2622.29833984375	2595.627685546875	26.6707763671875	0.0	2621.270263671875	2628.047119140625	2599.527587890625	28.519521713256836	0.0
306	0.7649999856948853	2616.293212890625	2622.606689453125	2595.73828125	26.868507385253906	0.0	2621.271728515625	2627.962890625	2599.48486328125	28.478059768676758	0.0
307	0.7674999833106995	2616.538330078125	2622.895263671875	2595.552734375	27.34247589111328	0.0	2621.348388671875	2627.95068359375	2599.548828125	28.401931762695312	0.0
308	0.7699999809265137	2616.311279296875	2622.5166015625	2595.538330078125	26.978233337402344	0.0	2621.338623046875	2627.859375	2599.517822265625	28.341455459594727	0.0
309	0.7724999785423279	2616.242919921875	2622.365478515625	2595.458984375	26.90642547607422	0.0	2621.41162109375	2627.854736328125	2599.538818359375	28.315828323364258	0.0
310	0.7749999761581421	2616.55810546875	2622.466552734375	2596.204345703125	26.262313842773438	0.0	2621.491943359375	2627.8427734375	2599.609375	28.23339080810547	0.0
311	0.7774999737739563	2616.310302734375	2622.208251953125	2595.691650390625	26.51670265197754	0.0	2621.599853515625	2627.86962890625	2599.68359375	28.186147689819336	0.0
312	0.7799999713897705	2616.324951171875	2622.181884765625	2595.563720703125	26.618064880371094	0.0	2621.580322265625	2627.771484375	2599.6279296875	28.143463134765625	0.0
313	0.7825000286102295	2616.43359375	2622.168212890625	2595.796630859375	26.37158203125	0.0	2621.5732421875	2627.682373046875	2599.594482421875	28.08795166015625	0.0
314	0.7850000262260437	2616.685302734375	2622.39599609375	2595.83251953125	26.563440322875977	0.0	2621.727294921875	2627.754638671875	2599.703369140625	28.051301956176758	0.0
315	0.7875000238418579	2616.6025390625	2622.1611328125	2596.01025390625	26.150856018066406	0.0	2621.806640625	2627.75390625	2599.760009765625	27.993864059448242	0.0
316	0.7900000214576721	2616.626708984375	2622.150390625	2595.848388671875	26.3018856048584	0.0	2621.81298828125	2627.678955078125	2599.748291015625	27.930694580078125	0.0
317	0.7925000190734863	2617.25927734375	2622.709716796875	2596.446533203125	26.263214111328125	0.0	2621.935302734375	2627.71826171875	2599.837646484375	27.88054084777832	0.0
318	0.7950000166893005	2617.174072265625	2622.566650390625	2596.260986328125	26.30571746826172	0.0	2621.945068359375	2627.648681640625	2599.815185546875	27.833391189575195	0.0
319	0.7975000143051147	2616.96142578125	2622.27001953125	2596.053955078125	26.216148376464844	0.0	2622.020751953125	2627.650146484375	2599.85791015625	27.792339324951172	0.0
320	0.800000011920929	2617.21044921875	2622.462890625	2596.201904296875	26.260948181152344	0.0	2622.107177734375	2627.65234375	2599.916259765625	27.736099243164062	0.0
321	0.8025000095367432	2617.21826171875	2622.37841796875	2596.249267578125	26.129268646240234	0.0	2622.061279296875	2627.515380859375	2599.8720703125	27.643390655517578	0.0
322	0.8050000071525574	2617.055908203125	2622.110107421875	2596.1875	25.922595977783203	0.0	2622.09521484375	2627.483154296875	2599.85986328125	27.623340606689453	0.0
323	0.8075000047683716	2617.141357421875	2622.135009765625	2596.199462890625	25.93552017211914	0.0	2622.2392578125	2627.55029296875	2599.98291015625	27.567415237426758	0.0
324	0.8100000023841858	2617.6318359375	2622.635498046875	2596.29931640625	26.336111068725586	0.0	2622.321044921875	2627.545654296875	2600.03271484375	27.512977600097656	0.0
325	0.8125	2617.4150390625	2622.2802734375	2596.3271484375	25.953125	0.0	2622.2666015625	2627.40625	2599.985107421875	27.42125701904297	0.0
326	0.8149999976158142	2617.30224609375	2622.09912109375	2596.1767578125	25.92247200012207	0.0	2622.4189453125	2627.491455078125	2600.07958984375	27.411970138549805	0.0
327	0.8174999952316284	2617.438232421875	2622.162109375	2596.274169921875	25.887948989868164	0.0	2622.47802734375	2627.472412109375	2600.091796875	27.38062858581543	0.0
328	0.8199999928474426	2617.5888671875	2622.26904296875	2596.26318359375	26.005962371826172	0.0	2622.50244140625	2627.41943359375	2600.109130859375	27.31019401550293	0.0
329	0.8224999904632568	2617.182861328125	2621.7734375	2595.912109375	25.86138153076172	0.0	2622.4609375	2627.299072265625	2600.04296875	27.25601577758789	0.0
330	0.824999988079071	2617.8193359375	2622.3349609375	2596.53759765625	25.79737091064453	0.0	2622.6328125	2627.396484375	2600.18701171875	27.20951271057129	0.0
331	0.8274999856948853	2617.864501953125	2622.282958984375	2596.66796875	25.615022659301758	0.0	2622.672607421875	2627.36181640625	2600.197021484375	27.164825439453125	0.0
332	0.8299999833106995	2617.946044921875	2622.285400390625	2596.7529296875	25.53239631652832	0.0	2622.712158203125	2627.3193359375	2600.215576171875	27.103700637817383	0.0
333	0.8324999809265137	2617.6259765625	2621.89990234375	2596.38427734375	25.515674591064453	0.0	2622.7119140625	2627.24365234375	2600.190185546875	27.053512573242188	0.0
334	0.8349999785423279	2617.9091796875	2622.119384765625	2596.606201171875	25.51319694519043	0.0	2622.75927734375	2627.2109375	2600.2216796875	26.989208221435547	0.0
335	0.8374999761581421	2618.186279296875	2622.318603515625	2596.891357421875	25.42729377746582	0.0	2622.9189453125	2627.299560546875	2600.34326171875	26.95625114440918	0.0
336	0.8399999737739563	2618.185546875	2622.235107421875	2596.934814453125	25.30031967163086	0.0	2622.951904296875	2627.253662109375	2600.344482421875	26.909250259399414	0.0
337	0.8424999713897705	2618.200927734375	2622.17578125	2596.942138671875	25.23374366760254	0.0	2622.930908203125	2627.15087890625	2600.31640625	26.834402084350586	0.0
338	0.8450000286102295	2618.38427734375	2622.305419921875	2597.0048828125	25.300596237182617	0.0	2623.0478515625	2627.21435546875	2600.37646484375	26.837982177734375	0.0
339	0.8475000262260437	2618.596923828125	2622.4521484375	2597.177734375	25.274520874023438	0.0	2623.121337890625	2627.2021484375	2600.450927734375	26.751218795776367	0.0
340	0.8500000238418579	2618.6474609375	2622.392822265625	2597.423828125	24.968915939331055	0.0	2623.200927734375	2627.21044921875	2600.505126953125	26.705202102661133	0.0
341	0.8525000214576721	2618.205078125	2621.913330078125	2596.786865234375	25.126516342163086	0.0	2623.2724609375	2627.20361328125	2600.55029296875	26.653287887573242	0.0
342	0.8550000190734863	2618.321533203125	2622.02099609375	2596.51611328125	25.504968643188477	0.0	2623.225341796875	2627.076416015625	2600.491455078125	26.5850772857666	0.0
343	0.8575000166893005	2618.459716796875	2622.06982421875	2596.7392578125	25.330459594726562	0.0	2623.298583984375	2627.0869140625	2600.513427734375	26.57357406616211	0.0
344	0.8600000143051147	2618.52099609375	2622.011962890625	2597.063720703125	24.94818878173828	0.0	2623.349853515625	2627.06494140625	2600.5390625	26.525829315185547	0.0
345	0.862500011920929	2618.96435546875	2622.363525390625	2597.64990234375	24.713577270507812	0.0	2623.4990234375	2627.134521484375	2600.666015625	26.468544006347656	0.0
346	0.8650000095367432	2618.86474609375	2622.250732421875	2597.17578125	25.075071334838867	0.0	2623.435302734375	2627.002197265625	2600.595458984375	26.40676498413086	0.0
347	0.8675000071525574	2618.980712890625	2622.29150390625	2597.312255859375	24.979324340820312	0.0	2623.50390625	2626.994873046875	2600.656494140625	26.33844566345215	0.0
348	0.8700000047683716	2619.15478515625	2622.3779296875	2597.578857421875	24.799163818359375	0.0	2623.64892578125	2627.065185546875	2600.75830078125	26.306888580322266	0.0
349	0.8725000023841858	2618.33349609375	2621.506591796875	2596.62744140625	24.879106521606445	0.0	2623.650146484375	2626.992431640625	2600.742919921875	26.249549865722656	0.0
350	0.875	2619.4111328125	2622.4970703125	2597.796630859375	24.70037269592285	0.0	2623.7294921875	2627.007080078125	2600.77734375	26.229829788208008	0.0
351	0.8774999976158142	2619.481689453125	2622.455810546875	2598.181884765625	24.273941040039062	0.0	2623.820068359375	2627.024658203125	2600.874755859375	26.149991989135742	0.0
352	0.8799999952316284	2619.16943359375	2622.12939453125	2597.4541015625	24.675189971923828	0.0	2623.79345703125	2626.926025390625	2600.8232421875	26.102901458740234	0.0
353	0.8824999928474426	2618.97802734375	2621.865234375	2597.302490234375	24.56270980834961	0.0	2623.881591796875	2626.937255859375	2600.881591796875	26.05570411682129	0.0
354	0.8849999904632568	2619.267822265625	2622.05859375	2597.78125	24.277320861816406	0.0	2623.8330078125	2626.8212890625	2600.82080078125	26.000595092773438	0.0
355	0.887499988079071	2619.342529296875	2622.114501953125	2597.494873046875	24.619577407836914	0.0	2623.984619140625	2626.904052734375	2600.95556640625	25.948436737060547	0.0
356	0.8899999856948853	2619.37158203125	2622.087158203125	2597.4052734375	24.681888580322266	0.0	2624.01123046875	2626.859375	2600.95751953125	25.9019718170166	0.0
357	0.8924999833106995	2619.343017578125	2621.942138671875	2597.75390625	24.18834686279297	0.0	2624.1240234375	2626.910400390625	2601.040771484375	25.869592666625977	0.0
358	0.8949999809265137	2619.322998046875	2621.877685546875	2597.534912109375	24.342802047729492	0.0	2624.130126953125	2626.842041015625	2601.04345703125	25.798545837402344	0.0
359	0.8974999785423279	2619.74658203125	2622.2646484375	2597.699951171875	24.564674377441406	0.0	2624.1943359375	2626.835693359375	2601.065673828125	25.770030975341797	0.0
360	0.8999999761581421	2620.19580078125	2622.60595703125	2598.515380859375	24.090620040893555	0.0	2624.271728515625	2626.843017578125	2601.15673828125	25.686260223388672	0.0
361	0.9024999737739563	2619.8837890625	2622.235595703125	2598.115966796875	24.119712829589844	0.0	2624.316162109375	2626.814697265625	2601.165283203125	25.6494083404541	0.0
362	0.9049999713897705	2619.936279296875	2622.217041015625	2598.206298828125	24.01076889038086	0.0	2624.37939453125	2626.81494140625	2601.218017578125	25.59691619873047	0.0
363	0.9075000286102295	2619.79736328125	2622.004638671875	2598.145751953125	23.858827590942383	0.0	2624.381103515625	2626.74609375	2601.201171875	25.54481315612793	0.0
364	0.9100000262260437	2620.3837890625	2622.562744140625	2598.35595703125	24.20673370361328	0.0	2624.429931640625	2626.726806640625	2601.225341796875	25.501501083374023	0.0
365	0.9125000238418579	2620.242431640625	2622.33984375	2598.3818359375	23.958045959472656	0.0	2624.5068359375	2626.72998046875	2601.29150390625	25.438398361206055	0.0
366	0.9150000214576721	2620.49169921875	2622.516845703125	2598.68603515625	23.830707550048828	0.0	2624.592041015625	2626.753662109375	2601.3359375	25.417673110961914	0.0
367	0.9175000190734863	2620.43359375	2622.41796875	2598.3818359375	24.03615379333496	0.0	2624.631103515625	2626.72607421875	2601.367919921875	25.358125686645508	0.0
368	0.9200000166893005	2620.5078125	2622.404052734375	2598.71630859375	23.68775177001953	0.0	2624.660888671875	2626.682861328125	2601.3798828125	25.30292320251465	0.0
369	0.9225000143051147	2620.500244140625	2622.327392578125	2598.73388671875	23.593473434448242	0.0	2624.744873046875	2626.704345703125	2601.435546875	25.268720626831055	0.0
370	0.925000011920929	2620.409912109375	2622.18798828125	2598.4951171875	23.69280433654785	0.0	2624.651123046875	2626.541015625	2601.354248046875	25.186721801757812	0.0
371	0.9275000095367432	2620.437744140625	2622.143798828125	2598.631591796875	23.51227378845215	0.0	2624.736328125	2626.5595703125	2601.4150390625	25.144542694091797	0.0
372	0.9300000071525574	2620.35693359375	2622.015869140625	2598.325927734375	23.689897537231445	0.0	2624.779052734375	2626.537109375	2601.45703125	25.08006477355957	0.0
373	0.9325000047683716	2620.41455078125	2622.014892578125	2598.30859375	23.706214904785156	0.0	2624.85107421875	2626.538330078125	2601.52685546875	25.0115909576416	0.0
374	0.9350000023841858	2620.426025390625	2621.951904296875	2598.455078125	23.496761322021484	0.0	2624.893310546875	2626.5146484375	2601.538330078125	24.97632598876953	0.0
375	0.9375	2620.587646484375	2622.058837890625	2598.51123046875	23.547489166259766	0.0	2625.009765625	2626.5712890625	2601.626708984375	24.944494247436523	0.0
376	0.9399999976158142	2620.463134765625	2621.881103515625	2598.2783203125	23.602710723876953	0.0	2625.0087890625	2626.5029296875	2601.6123046875	24.890541076660156	0.0
377	0.9424999952316284	2620.584716796875	2621.946533203125	2598.26123046875	23.685230255126953	0.0	2625.105224609375	2626.5390625	2601.65087890625	24.888099670410156	0.0
378	0.9449999928474426	2620.64794921875	2621.9462890625	2598.3466796875	23.599658966064453	0.0	2625.100830078125	2626.466796875	2601.642578125	24.82410430908203	0.0
379	0.9474999904632568	2621.485107421875	2622.708984375	2599.397705078125	23.311206817626953	0.0	2625.144287109375	2626.4384765625	2601.677734375	24.760860443115234	0.0
380	0.949999988079071	2621.031494140625	2622.193359375	2598.974853515625	23.218429565429688	0.0	2625.153076171875	2626.3837890625	2601.675537109375	24.70823860168457	0.0
381	0.9524999856948853	2620.731201171875	2621.822509765625	2598.871826171875	22.9505672454834	0.0	2625.24462890625	2626.425048828125	2601.73974609375	24.685243606567383	0.0
382	0.9549999833106995	2621.342041015625	2622.3779296875	2599.330078125	23.04779624938965	0.0	2625.316162109375	2626.426025390625	2601.8017578125	24.624147415161133	0.0
383	0.9574999809265137	2620.95458984375	2621.95361328125	2598.4951171875	23.45856475830078	0.0	2625.33984375	2626.385498046875	2601.8134765625	24.572004318237305	0.0
384	0.9599999785423279	2621.12841796875	2622.05615234375	2598.869140625	23.18697166442871	0.0	2625.338623046875	2626.3203125	2601.777099609375	24.543184280395508	0.0
385	0.9624999761581421	2621.26708984375	2622.134033203125	2598.9794921875	23.154644012451172	0.0	2625.400146484375	2626.316650390625	2601.846923828125	24.469621658325195	0.0
386	0.9649999737739563	2621.1982421875	2622.0	2599.04736328125	22.952590942382812	0.0	2625.435302734375	2626.290283203125	2601.852294921875	24.437898635864258	0.0
387	0.9674999713897705	2621.643798828125	2622.388671875	2599.468994140625	22.919628143310547	0.0	2625.572509765625	2626.3671875	2601.953369140625	24.413818359375	0.0
388	0.9700000286102295	2621.49755859375	2622.192138671875	2599.034912109375	23.157155990600586	0.0	2625.51513671875	2626.24560546875	2601.882568359375	24.363000869750977	0.0
389	0.9725000262260437	2621.279541015625	2621.91015625	2598.99072265625	22.919330596923828	0.0	2625.68310546875	2626.34716796875	2602.02294921875	24.324220657348633	0.0
390	0.9750000238418579	2621.938232421875	2622.510009765625	2599.578857421875	22.93126678466797	0.0	2625.653076171875	2626.259033203125	2601.98388671875	24.2752628326416	0.0
391	0.9775000214576721	2621.68603515625	2622.189453125	2599.840576171875	22.348934173583984	0.0	2625.749267578125	2626.29443359375	2602.0751953125	24.219200134277344	0.0
392	0.9800000190734863	2621.81005859375	2622.265380859375	2599.5283203125	22.73712158203125	0.0	2625.808349609375	2626.290771484375	2602.0986328125	24.192222595214844	0.0
393	0.9825000166893005	2621.6640625	2622.062255859375	2599.287109375	22.775142669677734	0.0	2625.77197265625	2626.197998046875	2602.079833984375	24.11824607849121	0.0
394	0.9850000143051147	2621.513916015625	2621.857177734375	2599.01611328125	22.840991973876953	0.0	2625.826904296875	2626.18408203125	2602.1025390625	24.081554412841797	0.0
395	0.987500011920929	2621.789794921875	2622.068603515625	2599.690673828125	22.37790298461914	0.0	2625.91845703125	2626.2177734375	2602.195556640625	24.02215003967285	0.0
396	0.9900000095367432	2622.075927734375	2622.299072265625	2599.99755859375	22.301464080810547	0.0	2625.890869140625	2626.130126953125	2602.137451171875	23.992717742919922	0.0
397	0.9925000071525574	2622.224365234375	2622.394287109375	2599.93798828125	22.456279754638672	0.0	2626.013427734375	2626.194580078125	2602.25390625	23.94055938720703	0.0
398	0.9950000047683716	2621.778564453125	2621.8916015625	2599.260986328125	22.63070297241211	0.0	2626.029052734375	2626.1474609375	2602.215087890625	23.93242073059082	0.0
399	0.9975000023841858	2622.07421875	2622.128662109375	2599.85400390625	22.274612426757812	0.0	2626.0107421875	2626.069580078125	2602.210693359375	23.85890007019043	0.0
