obs_column	present_after_transfer
leiden_scvi_0.1	True
leiden_scvi_0.2	True
leiden_scvi_0.3	True
leiden_scvi_0.4	True
leiden_scvi_0.5	True
leiden_scvi_HVG8000_r0_1	True
leiden_scvi_HVG8000_r0_15	True
leiden_scvi_HVG8000_r0_2	True
leiden_scvi_HVG8000_r0_25	True
leiden_scvi_HVG8000_r0_3	True
leiden_scvi_HVG8000_r0_35	True
leiden_scvi_HVG8000_r0_4	True
leiden_scvi_HVG8000_r0_45	True
leiden_scvi_HVG8000_r0_5	True
leiden_scvi_HVG8000_r0_55	True
leiden_scvi_HVG8000_r0_6	True
leiden_scvi_HVG8000_r0_7	True
leiden_scvi_HVG8000_r0_8	True
leiden_scvi_HVG8000_r0_9	True
leiden_scvi_HVG8000_r1_0	True
leiden_scvi_HVG8000_r1_2	True
leiden_scvi_main	True
leiden_scvi_HVG8000_main	True
leiden_scvi_HVG8000_refinement	True
leiden_scvi_main	True
leiden_scvi_HVG8000_main	True
leiden_scvi_HVG8000_refinement	True
