original_notebook	clean_notebook
01_merging_core_datasets_fullgene_harmonized_corrected.ipynb	01_merge_harmonized_datasets.ipynb
02_attach_metadata_to_merged_fullgene_corrected.ipynb	02_standardize_metadata.ipynb
03_HVG_core_4datasets_HVG8000_lowmem_Xcounts_corrected.ipynb	03_select_hvg8000.ipynb
04_scVI_setup_HVG8000_lowmem_corrected.ipynb	04_train_scvi.ipynb
05_clustering_resolution_QC_HVG8000_lowmem.ipynb	05_select_leiden_resolution.ipynb
06_transfer_HVG8000_scVI_clusters_to_fullgene_corrected.ipynb	06_transfer_scvi_to_fullgene.ipynb
07_marker_DE_pre_annotation_HVG8000_r0_6_fullgene_v3_fixed_marker_panel.ipynb	07_marker_de.ipynb
08_marker_based_annotation_HVG8000_r0_6_fullgene.ipynb	08_marker_annotation.ipynb
09_annotation_bias_composition_QC_HVG8000_r0_6.ipynb	09_annotation_bias_qc.ipynb
10_prepare_CNV_inputs_HVG8000_r0_6_fullgene.ipynb	10_prepare_infercnvpy_inputs.ipynb
11_run_infercnvpy_CNV_HVG8000_r0_6_strategies_v2_fixed_cnv_columns.ipynb	11_run_infercnvpy.ipynb
12_CNV_visual_QC_and_interpretation_HVG8000_r0_6.ipynb	12_infercnvpy_qc.ipynb
13_prepare_CopyKAT_microbatch_all_cells_HVG8000_r0_6.ipynb	13_prepare_copykat_microbatches.ipynb
14_integrate_CopyKAT_microbatch_predictions_HVG8000_r0_6.ipynb	14_integrate_copykat.ipynb
15_final_CopyKAT_marker_CNV_consensus_HVG8000_r0_6.ipynb	15_build_cnv_consensus.ipynb
16_final_visual_QC_and_statistical_validation_CNV_HVG8000_r0_6.ipynb	16_validate_cnv_consensus.ipynb
17_final_annotation_figure_consolidation_HVG8000_r0_6.ipynb	17_finalize_annotation.ipynb
18_differential_abundance_composition_HVG8000_r0_6.ipynb	18_differential_abundance.ipynb
18b_fix_DA_binomial_GLM_HVG8000_r0_6.ipynb	19_correct_da_binomial_glm.ipynb
19_malignant_state_composition_program_scoring_HVG8000_r0_6.ipynb	20_define_malignant_states.ipynb
20_malignant_state_pseudobulk_DE_HVG8000_r0_6.ipynb	21_malignant_state_pseudobulk.ipynb
21_condition_specific_malignant_pseudobulk_DE_HVG8000_r0_6_v3_fixed_duplicate_state_column.ipynb	22_condition_pseudobulk.ipynb
22_functional_enrichment_pathway_interpretation_HVG8000_r0_6.ipynb	23_curated_enrichment.ipynb
22b_online_enrichment_validation_HVG8000_r0_6_v2_no_pip_direct_api.ipynb	24_gprofiler_validation.ipynb
23_prepare_LIANA_CCC_inputs_HVG8000_r0_6.ipynb	25_prepare_liana_inputs.ipynb
24_run_LIANA_global_main_HVG8000_r0_6.ipynb	26_run_liana_global.ipynb
24b_fix_LIANA_global_main_labels_and_axes_HVG8000_r0_6_v2_fixed_source_clean.ipynb	27_clean_liana_global_labels.ipynb
25_run_LIANA_condition_specific_HVG8000_r0_6_v2_fixed_use_raw_false.ipynb	28_run_liana_condition_specific.ipynb
26_LIANA_final_prioritized_axes_and_figures_HVG8000_r0_6.ipynb	29_prioritize_liana_axes.ipynb
27_squidpy_LR_validation_top_LIANA_axes_HVG8000_r0_6.ipynb	30_squidpy_lr_support.ipynb
GBM_CellRank_malignant_fate_mapping_v2_MEMORY_SAFE.ipynb	31_cellrank_exploratory.ipynb
